Time	TH	ErrorTH	H	HD=0	HD=1	State	Proba	ErrorProba	State	Proba	ErrorProba	State	Proba	ErrorProba	State	Proba	ErrorProba	State	Proba	ErrorProba
0.0000	0.0003	0.0001	0.1446	0.0197	0.9803	<nil>	0.000025	0.000025	A -- B -- C	0.980266	0.001599	B -- C	0.019007	0.001549	C	0.000701	0.000200
0.0100	0.0018	0.0004	0.3445	0.0582	0.9418	A -- B -- C	0.941810	0.003116	B -- C	0.053740	0.002984	C	0.004133	0.000888	<nil>	0.000318	0.000229
0.0200	0.0017	0.0004	0.4833	0.0951	0.9049	A -- C	0.000081	0.000081	C	0.003846	0.000865	<nil>	0.000673	0.000354	B -- C	0.090548	0.003908	A -- B -- C	0.904852	0.004002
0.0300	0.0019	0.0004	0.5965	0.1304	0.8696	A -- C	0.000200	0.000200	C	0.004313	0.000853	<nil>	0.000934	0.000422	B -- C	0.125141	0.004541	A -- B -- C	0.869411	0.004643
0.0400	0.0052	0.0006	0.7230	0.1645	0.8355	A -- C	0.000200	0.000200	<nil>	0.001789	0.000567	C	0.011824	0.001420	B -- C	0.150882	0.004920	A -- B -- C	0.835305	0.005139
0.0500	0.0081	0.0008	0.8327	0.1972	0.8028	A -- C	0.000240	0.000204	<nil>	0.003460	0.000784	C	0.018500	0.001825	B -- C	0.175264	0.005254	A -- B -- C	0.802536	0.005535
0.0600	0.0101	0.0009	0.9253	0.2285	0.7715	A -- C	0.000417	0.000283	<nil>	0.005577	0.001019	C	0.023032	0.002056	B -- C	0.199927	0.005558	A -- B -- C	0.771047	0.005856
0.0700	0.0129	0.0010	1.0152	0.2582	0.7418	<nil>	0.007856	0.001215	A -- C	0.000912	0.000415	A -- B -- C	0.740863	0.006118	B -- C	0.221100	0.005750	C	0.029269	0.002274
0.0800	0.0160	0.0011	1.1008	0.2869	0.7131	<nil>	0.010925	0.001440	A -- C	0.001323	0.000488	A -- B -- C	0.711791	0.006332	B -- C	0.239559	0.005933	C	0.036403	0.002573
0.0900	0.0175	0.0012	1.1719	0.3144	0.6856	<nil>	0.014972	0.001678	A -- C	0.001743	0.000571	A -- B -- C	0.683848	0.006507	B -- C	0.259629	0.006108	C	0.039808	0.002698
0.1000	0.0185	0.0012	1.2321	0.3405	0.6595	<nil>	0.018390	0.001861	A -- C	0.002427	0.000682	A -- B -- C	0.657025	0.006648	B -- C	0.279995	0.006264	C	0.042164	0.002777
0.1100	0.0222	0.0013	1.3064	0.3657	0.6343	<nil>	0.023207	0.002092	A -- C	0.003010	0.000767	A -- B -- C	0.631300	0.006761	B -- C	0.291929	0.006309	C	0.050554	0.002965
0.1200	0.0269	0.0014	1.3815	0.3900	0.6100	<nil>	0.029007	0.002332	A -- C	0.003407	0.000819	A -- B -- C	0.606595	0.006851	B -- C	0.299675	0.006381	C	0.061316	0.003295
0.1300	0.0294	0.0015	1.4407	0.4133	0.5867	<nil>	0.035254	0.002562	A -- C	0.003932	0.000879	A -- B -- C	0.582747	0.006919	B -- C	0.311166	0.006464	C	0.066901	0.003448
0.1400	0.0301	0.0015	1.4905	0.4354	0.5646	<nil>	0.042470	0.002810	A -- C	0.004716	0.000951	A -- B -- C	0.559865	0.006967	B -- C	0.324359	0.006548	C	0.068590	0.003500
0.1500	0.0305	0.0015	1.5316	0.4564	0.5436	<nil>	0.048786	0.003015	A -- C	0.005574	0.001042	A -- B -- C	0.537987	0.007000	B -- C	0.338211	0.006605	C	0.069442	0.003506
0.1600	0.0364	0.0017	1.6003	0.4767	0.5233	<nil>	0.056542	0.003222	A -- C	0.006533	0.001129	A -- B -- C	0.516788	0.007019	B -- C	0.337361	0.006589	C	0.082776	0.003779
0.1700	0.0388	0.0017	1.6463	0.4961	0.5039	<nil>	0.064920	0.003441	A -- C	0.007030	0.001160	A -- B -- C	0.496822	0.007023	B -- C	0.342991	0.006634	C	0.088237	0.003919
0.1800	0.0392	0.0017	1.6796	0.5147	0.4853	<nil>	0.073992	0.003657	A -- C	0.007261	0.001196	A -- B -- C	0.478032	0.007019	B -- C	0.351602	0.006682	C	0.089113	0.003947
0.1900	0.0389	0.0017	1.7068	0.5332	0.4668	<nil>	0.083053	0.003865	A -- C	0.007494	0.001216	A -- B -- C	0.459346	0.007005	B -- C	0.361626	0.006731	C	0.088481	0.003947
0.2000	0.0379	0.0017	1.7295	0.5505	0.4495	<nil>	0.092373	0.004064	A -- C	0.007975	0.001250	A -- B -- C	0.441501	0.006981	B -- C	0.371862	0.006774	C	0.086289	0.003905
0.2100	0.0446	0.0018	1.7840	0.5672	0.4328	C	0.101440	0.004078	A -- C	0.008736	0.001296	<nil>	0.100888	0.004221	A -- B -- C	0.424077	0.006949	B -- C	0.364859	0.006671
0.2200	0.0493	0.0019	1.8321	0.5825	0.4175	<nil>	0.112752	0.004429	A -- C	0.009662	0.001373	A -- B -- C	0.407806	0.006911	B -- C	0.357541	0.006702	C	0.112238	0.004365
0.2300	0.0497	0.0019	1.8603	0.5972	0.4028	<nil>	0.123288	0.004608	A -- C	0.011099	0.001462	A -- B -- C	0.391713	0.006866	C	0.113123	0.004388	B -- C	0.360776	0.006726
0.2400	0.0487	0.0019	1.8801	0.6114	0.3886	<nil>	0.135425	0.004797	A -- C	0.012010	0.001532	A -- B -- C	0.376599	0.006816	C	0.110718	0.004355	B -- C	0.365248	0.006753
0.2500	0.0475	0.0019	1.8948	0.6253	0.3747	<nil>	0.146065	0.004964	A -- C	0.012942	0.001581	A -- B -- C	0.361782	0.006760	C	0.108039	0.004316	B -- C	0.371172	0.006781
0.2600	0.0458	0.0019	1.9050	0.6382	0.3618	<nil>	0.156032	0.005101	A -- C	0.014046	0.001658	A -- B -- C	0.347759	0.006701	C	0.104199	0.004257	B -- C	0.377964	0.006809
0.2700	0.0498	0.0019	1.9360	0.6513	0.3487	<nil>	0.167095	0.005242	A -- C	0.014690	0.001696	A -- B -- C	0.334010	0.006637	C	0.113393	0.004311	B -- C	0.370812	0.006709
0.2800	0.0561	0.0020	1.9739	0.6630	0.3370	<nil>	0.179247	0.005382	A -- C	0.015609	0.001738	A -- B -- C	0.321357	0.006573	C	0.127566	0.004595	B -- C	0.356222	0.006692
0.2900	0.0572	0.0021	1.9943	0.6737	0.3263	<nil>	0.191246	0.005522	A -- C	0.017279	0.001824	A -- B -- C	0.309011	0.006503	C	0.130201	0.004665	B -- C	0.352262	0.006694
0.3000	0.0555	0.0020	2.0017	0.6844	0.3156	B -- C	0.354555	0.006716	A -- C	0.018546	0.001895	<nil>	0.203533	0.005662	A -- B -- C	0.297099	0.006433	C	0.126267	0.004624
0.3100	0.0531	0.0020	2.0058	0.6942	0.3058	C	0.120742	0.004533	A -- C	0.020154	0.001978	<nil>	0.215449	0.005778	A -- B -- C	0.285669	0.006359	B -- C	0.357987	0.006734
0.3200	0.0505	0.0020	2.0059	0.7044	0.2956	C	0.114912	0.004443	A -- C	0.021432	0.002041	<nil>	0.227359	0.005898	A -- B -- C	0.274166	0.006280	B -- C	0.362131	0.006753
0.3300	0.0482	0.0019	2.0029	0.7143	0.2857	C	0.109565	0.004335	A -- C	0.022294	0.002085	<nil>	0.238774	0.005992	A -- B -- C	0.263406	0.006203	B -- C	0.365960	0.006768
0.3400	0.0522	0.0019	2.0238	0.7234	0.2766	C	0.118834	0.004419	A -- C	0.023252	0.002121	<nil>	0.250576	0.006097	A -- B -- C	0.253307	0.006124	B -- C	0.354032	0.006660
0.3500	0.0569	0.0020	2.0440	0.7324	0.2676	C	0.129527	0.004634	A -- C	0.024234	0.002166	<nil>	0.262771	0.006189	B -- C	0.340130	0.006631	A -- B -- C	0.243337	0.006041
0.3600	0.0572	0.0020	2.0482	0.7410	0.2590	<nil>	0.276689	0.006292	A -- C	0.025242	0.002213	B -- C	0.334250	0.006613	C	0.130058	0.004662	A -- B -- C	0.233761	0.005959
0.3700	0.0566	0.0020	2.0483	0.7488	0.2512	B -- C	0.330460	0.006600	A -- C	0.026177	0.002246	<nil>	0.289513	0.006387	C	0.128850	0.004653	A -- B -- C	0.224999	0.005881
0.3800	0.0557	0.0020	2.0467	0.7562	0.2438	B -- C	0.327812	0.006590	A -- C	0.027330	0.002292	<nil>	0.301596	0.006453	C	0.126819	0.004612	A -- B -- C	0.216444	0.005797
0.3900	0.0541	0.0020	2.0401	0.7636	0.2364	B -- C	0.326285	0.006585	A -- C	0.028100	0.002328	<nil>	0.314292	0.006537	C	0.122999	0.004564	A -- B -- C	0.208324	0.005720
0.4000	0.0520	0.0020	2.0310	0.7708	0.2292	B -- C	0.325660	0.006588	A -- C	0.028883	0.002363	<nil>	0.326854	0.006603	C	0.118254	0.004495	A -- B -- C	0.200350	0.005636
0.4100	0.0492	0.0019	2.0192	0.7770	0.2230	B -- C	0.325863	0.006590	A -- C	0.029813	0.002393	<nil>	0.339172	0.006667	C	0.111930	0.004379	A -- B -- C	0.193221	0.005561
0.4200	0.0520	0.0019	2.0235	0.7835	0.2165	B -- C	0.314124	0.006477	A -- C	0.030231	0.002415	<nil>	0.351035	0.006721	C	0.118350	0.004429	A -- B -- C	0.186260	0.005483
0.4300	0.0557	0.0020	2.0280	0.7906	0.2094	B -- C	0.300901	0.006429	A -- C	0.030730	0.002437	<nil>	0.362977	0.006776	C	0.126680	0.004609	A -- B -- C	0.178712	0.005396
0.4400	0.0561	0.0020	2.0237	0.7965	0.2035	B -- C	0.293866	0.006395	A -- C	0.031811	0.002468	<nil>	0.374961	0.006815	C	0.127694	0.004624	A -- B -- C	0.171669	0.005311
0.4500	0.0553	0.0020	2.0168	0.8014	0.1986	C	0.125724	0.004608	A -- C	0.033404	0.002532	<nil>	0.386479	0.006861	A -- B -- C	0.165220	0.005231	B -- C	0.289173	0.006372
0.4600	0.0534	0.0020	2.0031	0.8065	0.1935	C	0.121548	0.004530	A -- C	0.034099	0.002557	<nil>	0.399569	0.006892	A -- B -- C	0.159370	0.005156	B -- C	0.285414	0.006348
0.4700	0.0511	0.0020	1.9856	0.8120	0.1880	C	0.116181	0.004457	A -- C	0.034464	0.002573	<nil>	0.412928	0.006936	A -- B -- C	0.153557	0.005078	B -- C	0.282869	0.006335
0.4800	0.0486	0.0019	1.9701	0.8163	0.1837	C	0.110625	0.004368	A -- C	0.035580	0.002610	<nil>	0.424538	0.006966	A -- B -- C	0.148153	0.005004	B -- C	0.281104	0.006323
0.4900	0.0469	0.0019	1.9550	0.8215	0.1785	C	0.106820	0.004300	A -- C	0.036120	0.002631	<nil>	0.434486	0.006987	A -- B -- C	0.142420	0.004921	B -- C	0.280155	0.006317
0.5000	0.0450	0.0019	1.9396	0.8257	0.1743	C	0.102482	0.004225	A -- C	0.036789	0.002650	<nil>	0.444180	0.007004	A -- B -- C	0.137503	0.004849	B -- C	0.279046	0.006314
0.5100	0.0442	0.0018	1.9248	0.8301	0.1699	B -- C	0.273982	0.006246	A -- C	0.037041	0.002662	<nil>	0.455564	0.007021	A -- B -- C	0.132816	0.004782	C	0.100597	0.004142
0.5200	0.0485	0.0019	1.9288	0.8336	0.1664	C	0.110454	0.004323	A -- C	0.037799	0.002677	<nil>	0.464343	0.007033	A -- B -- C	0.128576	0.004714	B -- C	0.258828	0.006131
0.5300	0.0493	0.0019	1.9180	0.8378	0.1622	A -- B -- C	0.123404	0.004632	A -- C	0.038829	0.002728	<nil>	0.476008	0.007037	B -- C	0.249622	0.006072	C	0.112137	0.004373
0.5400	0.0492	0.0019	1.9025	0.8423	0.1577	A -- B -- C	0.118643	0.004554	A -- C	0.039099	0.002733	<nil>	0.487452	0.007042	B -- C	0.242966	0.006022	C	0.111840	0.004371
0.5500	0.0485	0.0019	1.8876	0.8456	0.1544	A -- B -- C	0.114598	0.004486	A -- C	0.039801	0.002753	<nil>	0.497820	0.007049	B -- C	0.237450	0.005979	C	0.110331	0.004356
0.5600	0.0473	0.0019	1.8706	0.8490	0.1510	A -- B -- C	0.110416	0.004417	A -- C	0.040591	0.002785	<nil>	0.508488	0.007044	B -- C	0.232800	0.005941	C	0.107705	0.004303
0.5700	0.0461	0.0019	1.8546	0.8519	0.1481	A -- B -- C	0.106440	0.004345	A -- C	0.041671	0.002818	<nil>	0.518138	0.007046	B -- C	0.228873	0.005909	C	0.104878	0.004267
0.5800	0.0442	0.0018	1.8337	0.8551	0.1449	A -- B -- C	0.102608	0.004274	A -- C	0.042247	0.002835	<nil>	0.528927	0.007032	B -- C	0.225731	0.005880	C	0.100487	0.004172
0.5900	0.0422	0.0018	1.8143	0.8579	0.1421	C	0.096060	0.004092	A -- B -- C	0.098716	0.004203	<nil>	0.538838	0.007027	A -- C	0.043387	0.002869	B -- C	0.222999	0.005856
0.6000	0.0401	0.0018	1.7933	0.8607	0.1393	A -- B -- C	0.095179	0.004133	C	0.091302	0.004011	<nil>	0.548637	0.007017	A -- C	0.044151	0.002896	B -- C	0.220731	0.005837
0.6100	0.0384	0.0017	1.7727	0.8637	0.1363	C	0.087371	0.003940	A -- B -- C	0.091940	0.004071	<nil>	0.557675	0.007006	A -- C	0.044393	0.002905	B -- C	0.218621	0.005822
0.6200	0.0363	0.0017	1.7514	0.8665	0.1335	C	0.082621	0.003825	A -- B -- C	0.088430	0.003999	<nil>	0.566330	0.006985	A -- C	0.045030	0.002929	B -- C	0.217589	0.005809
0.6300	0.0373	0.0017	1.7389	0.8697	0.1303	B -- C	0.210540	0.005713	A -- B -- C	0.085648	0.003940	<nil>	0.574213	0.006972	A -- C	0.044645	0.002913	C	0.084954	0.003845
0.6400	0.0395	0.0017	1.7283	0.8721	0.1279	B -- C	0.198953	0.005601	A -- B -- C	0.082961	0.003885	<nil>	0.583375	0.006957	A -- C	0.044891	0.002918	C	0.089820	0.003961
0.6500	0.0399	0.0017	1.7138	0.8739	0.1261	B -- C	0.191072	0.005521	A -- B -- C	0.080440	0.003830	<nil>	0.592107	0.006925	A -- C	0.045634	0.002941	C	0.090746	0.003974
0.6600	0.0396	0.0018	1.6959	0.8763	0.1237	B -- C	0.185302	0.005463	A -- B -- C	0.077730	0.003771	<nil>	0.600840	0.006909	A -- C	0.045928	0.002953	C	0.090200	0.003990
0.6700	0.0386	0.0017	1.6769	0.8781	0.1219	B -- C	0.180731	0.005411	A -- B -- C	0.074832	0.003708	<nil>	0.609582	0.006880	A -- C	0.047107	0.002987	C	0.087748	0.003932
0.6800	0.0372	0.0017	1.6561	0.8798	0.1202	B -- C	0.176685	0.005365	A -- B -- C	0.072288	0.003648	<nil>	0.618500	0.006848	A -- C	0.047958	0.003014	C	0.084569	0.003864
0.6900	0.0361	0.0017	1.6361	0.8820	0.1180	B -- C	0.173519	0.005330	A -- B -- C	0.069958	0.003594	<nil>	0.626387	0.006823	A -- C	0.048011	0.003015	C	0.082125	0.003821
0.7000	0.0351	0.0017	1.6168	0.8841	0.1159	B -- C	0.170368	0.005292	A -- B -- C	0.067691	0.003542	<nil>	0.633916	0.006796	A -- C	0.048178	0.003025	C	0.079848	0.003776
0.7100	0.0335	0.0016	1.5945	0.8862	0.1138	A -- B -- C	0.064891	0.003471	C	0.076310	0.003688	<nil>	0.642230	0.006758	A -- C	0.048922	0.003047	B -- C	0.167647	0.005257
0.7200	0.0322	0.0016	1.5729	0.8882	0.1118	A -- B -- C	0.062520	0.003409	C	0.073201	0.003631	<nil>	0.650088	0.006730	A -- C	0.049308	0.003060	B -- C	0.164884	0.005223
0.7300	0.0312	0.0016	1.5521	0.8908	0.1092	C	0.070909	0.003574	A -- B -- C	0.060710	0.003359	<nil>	0.657149	0.006695	A -- C	0.048477	0.003030	B -- C	0.162755	0.005197
0.7400	0.0297	0.0015	1.5322	0.8922	0.1078	C	0.067583	0.003504	A -- B -- C	0.059061	0.003320	<nil>	0.664018	0.006668	A -- C	0.048752	0.003036	B -- C	0.160586	0.005173
0.7500	0.0282	0.0015	1.5136	0.8931	0.1069	C	0.064169	0.003409	A -- B -- C	0.057514	0.003281	<nil>	0.670373	0.006631	A -- C	0.049416	0.003053	B -- C	0.158527	0.005146
0.7600	0.0267	0.0015	1.4940	0.8942	0.1058	C	0.060715	0.003333	A -- B -- C	0.055937	0.003238	<nil>	0.676774	0.006602	A -- C	0.049848	0.003075	B -- C	0.156726	0.005123
0.7700	0.0257	0.0014	1.4765	0.8957	0.1043	C	0.058477	0.003273	A -- B -- C	0.054737	0.003205	<nil>	0.682461	0.006573	A -- C	0.049538	0.003064	B -- C	0.154788	0.005096
0.7800	0.0254	0.0014	1.4606	0.8971	0.1029	C	0.057767	0.003224	A -- B -- C	0.053146	0.003162	<nil>	0.688427	0.006532	A -- C	0.049778	0.003071	B -- C	0.150882	0.005032
0.7900	0.0270	0.0015	1.4494	0.8984	0.1016	C	0.061509	0.003310	A -- B -- C	0.051977	0.003126	<nil>	0.694710	0.006498	A -- C	0.049637	0.003067	B -- C	0.142167	0.004892
0.8000	0.0285	0.0015	1.4381	0.9001	0.0999	C	0.064822	0.003415	A -- B -- C	0.050349	0.003079	<nil>	0.700115	0.006462	A -- C	0.049552	0.003065	B -- C	0.135161	0.004804
0.8100	0.0278	0.0015	1.4161	0.9016	0.0984	C	0.063305	0.003373	A -- B -- C	0.048757	0.003034	<nil>	0.707725	0.006412	A -- C	0.049667	0.003065	B -- C	0.130547	0.004735
0.8200	0.0276	0.0015	1.3982	0.9029	0.0971	B -- C	0.126041	0.004666	A -- B -- C	0.047475	0.002995	<nil>	0.714039	0.006376	A -- C	0.049657	0.003063	C	0.062789	0.003369
0.8300	0.0265	0.0015	1.3777	0.9035	0.0965	B -- C	0.122261	0.004611	A -- B -- C	0.046440	0.002964	<nil>	0.720814	0.006329	A -- C	0.050088	0.003080	C	0.060398	0.003317
0.8400	0.0262	0.0014	1.3607	0.9049	0.0951	B -- C	0.119083	0.004553	A -- B -- C	0.045038	0.002919	<nil>	0.726296	0.006293	A -- C	0.050033	0.003076	C	0.059550	0.003289
0.8500	0.0257	0.0014	1.3430	0.9061	0.0939	B -- C	0.115545	0.004500	A -- B -- C	0.043890	0.002887	<nil>	0.732013	0.006247	A -- C	0.049990	0.003078	C	0.058561	0.003265
0.8600	0.0249	0.0014	1.3243	0.9072	0.0928	B -- C	0.112815	0.004455	A -- B -- C	0.043177	0.002863	<nil>	0.737732	0.006203	A -- C	0.049626	0.003064	C	0.056650	0.003211
0.8700	0.0237	0.0014	1.3032	0.9084	0.0916	B -- C	0.110595	0.004411	A -- B -- C	0.041878	0.002817	<nil>	0.743841	0.006162	A -- C	0.049677	0.003071	C	0.054009	0.003155
0.8800	0.0236	0.0014	1.2897	0.9096	0.0904	B -- C	0.107920	0.004365	A -- B -- C	0.040448	0.002771	<nil>	0.747972	0.006125	A -- C	0.049933	0.003071	C	0.053727	0.003132
0.8900	0.0229	0.0014	1.2734	0.9107	0.0893	B -- C	0.106066	0.004332	A -- B -- C	0.039296	0.002734	<nil>	0.752614	0.006091	A -- C	0.049970	0.003078	C	0.052054	0.003097
0.9000	0.0219	0.0013	1.2537	0.9118	0.0882	B -- C	0.103840	0.004295	A -- B -- C	0.038244	0.002700	<nil>	0.758161	0.006041	A -- C	0.049916	0.003075	C	0.049839	0.003025
0.9100	0.0209	0.0013	1.2349	0.9130	0.0870	B -- C	0.102135	0.004266	A -- B -- C	0.037539	0.002675	<nil>	0.763315	0.005996	A -- C	0.049448	0.003063	C	0.047563	0.002965
0.9200	0.0205	0.0013	1.2208	0.9144	0.0856	C	0.046640	0.002939	B -- C	0.100609	0.004231	<nil>	0.767161	0.005969	A -- C	0.049002	0.003050	A -- B -- C	0.036588	0.002642
0.9300	0.0206	0.0013	1.2082	0.9158	0.0842	C	0.046825	0.002943	A -- C	0.048179	0.003021	<nil>	0.770907	0.005930	A -- B -- C	0.036000	0.002620	B -- C	0.098089	0.004190
0.9400	0.0191	0.0013	1.1886	0.9165	0.0835	C	0.043371	0.002845	A -- C	0.047973	0.003019	<nil>	0.775895	0.005884	A -- B -- C	0.035563	0.002613	B -- C	0.097198	0.004179
0.9500	0.0174	0.0012	1.1657	0.9174	0.0826	C	0.039668	0.002696	A -- C	0.047778	0.003013	<nil>	0.781580	0.005820	A -- B -- C	0.034830	0.002579	B -- C	0.096144	0.004153
0.9600	0.0159	0.0011	1.1415	0.9189	0.0811	C	0.036183	0.002597	A -- C	0.047746	0.003015	<nil>	0.787298	0.005775	A -- B -- C	0.033346	0.002526	B -- C	0.095427	0.004137
0.9700	0.0156	0.0011	1.1287	0.9196	0.0804	C	0.035394	0.002574	A -- C	0.047930	0.003016	<nil>	0.790711	0.005745	A -- B -- C	0.032439	0.002495	B -- C	0.093526	0.004100
0.9800	0.0145	0.0011	1.1117	0.9205	0.0795	C	0.032977	0.002489	A -- C	0.047910	0.003013	<nil>	0.794643	0.005704	A -- B -- C	0.031541	0.002457	B -- C	0.092929	0.004095
0.9900	0.0140	0.0011	1.1005	0.9216	0.0784	C	0.031954	0.002454	A -- C	0.047744	0.003014	<nil>	0.797243	0.005679	A -- B -- C	0.030653	0.002429	B -- C	0.092407	0.004082
1.0000	0.0144	0.0011	1.0912	0.9227	0.0773	C	0.032725	0.002469	A -- C	0.047626	0.003008	<nil>	0.800063	0.005650	A -- B -- C	0.029696	0.002389	B -- C	0.089890	0.004020
1.0100	0.0155	0.0011	1.0855	0.9231	0.0769	C	0.035198	0.002546	A -- C	0.047870	0.003016	<nil>	0.802642	0.005619	A -- B -- C	0.029018	0.002366	B -- C	0.085271	0.003923
1.0200	0.0161	0.0011	1.0748	0.9236	0.0764	C	0.036537	0.002588	A -- C	0.047963	0.003020	<nil>	0.806145	0.005577	A -- B -- C	0.028452	0.002345	B -- C	0.080903	0.003830
1.0300	0.0164	0.0012	1.0606	0.9243	0.0757	C	0.037228	0.002628	A -- C	0.048088	0.003024	<nil>	0.810296	0.005537	A -- B -- C	0.027653	0.002308	B -- C	0.076736	0.003734
1.0400	0.0171	0.0012	1.0510	0.9251	0.0749	C	0.039001	0.002681	A -- C	0.047881	0.003010	<nil>	0.813273	0.005499	A -- B -- C	0.027029	0.002277	B -- C	0.072816	0.003648
1.0500	0.0169	0.0012	1.0353	0.9256	0.0744	C	0.038551	0.002677	A -- C	0.047860	0.003017	<nil>	0.817425	0.005453	A -- B -- C	0.026576	0.002269	B -- C	0.069588	0.003579
1.0600	0.0169	0.0012	1.0220	0.9264	0.0736	B -- C	0.067309	0.003525	C	0.038379	0.002685	<nil>	0.820753	0.005415	A -- C	0.047949	0.003021	A -- B -- C	0.025609	0.002225
1.0700	0.0169	0.0012	1.0085	0.9272	0.0728	B -- C	0.064475	0.003452	C	0.038519	0.002672	<nil>	0.824236	0.005371	A -- C	0.047780	0.003009	A -- B -- C	0.024989	0.002194
1.0800	0.0161	0.0012	0.9933	0.9272	0.0728	B -- C	0.062369	0.003409	C	0.036731	0.002620	<nil>	0.828065	0.005325	A -- C	0.047519	0.003000	A -- B -- C	0.025317	0.002211
1.0900	0.0152	0.0011	0.9779	0.9272	0.0728	B -- C	0.060805	0.003369	C	0.034648	0.002547	<nil>	0.831703	0.005278	A -- C	0.047576	0.003006	A -- B -- C	0.025267	0.002211
1.1000	0.0144	0.0011	0.9628	0.9275	0.0725	B -- C	0.059377	0.003328	C	0.032869	0.002479	<nil>	0.835237	0.005234	A -- C	0.047372	0.003002	A -- B -- C	0.025146	0.002206
1.1100	0.0136	0.0011	0.9461	0.9282	0.0718	B -- C	0.058250	0.003295	C	0.031029	0.002415	<nil>	0.838955	0.005189	A -- C	0.047308	0.002995	A -- B -- C	0.024457	0.002172
1.1200	0.0130	0.0010	0.9300	0.9289	0.0711	B -- C	0.056912	0.003256	C	0.029532	0.002349	<nil>	0.842495	0.005140	A -- C	0.047392	0.003005	A -- B -- C	0.023669	0.002140
1.1300	0.0128	0.0010	0.9183	0.9298	0.0702	B -- C	0.055552	0.003227	C	0.029117	0.002346	<nil>	0.845137	0.005109	A -- C	0.047286	0.002997	A -- B -- C	0.022908	0.002106
1.1400	0.0125	0.0010	0.9078	0.9299	0.0701	B -- C	0.053872	0.003179	C	0.028377	0.002312	<nil>	0.847651	0.005074	A -- C	0.047121	0.002990	A -- B -- C	0.022979	0.002109
1.1500	0.0121	0.0010	0.8939	0.9306	0.0694	B -- C	0.052388	0.003138	C	0.027432	0.002279	<nil>	0.850769	0.005031	A -- C	0.046851	0.002988	A -- B -- C	0.022561	0.002094
1.1600	0.0113	0.0010	0.8791	0.9312	0.0688	B -- C	0.051738	0.003125	C	0.025646	0.002202	<nil>	0.853800	0.004985	A -- C	0.046940	0.002989	A -- B -- C	0.021877	0.002061
1.1700	0.0104	0.0009	0.8642	0.9320	0.0680	B -- C	0.051535	0.003116	C	0.023669	0.002115	<nil>	0.856763	0.004944	A -- C	0.046709	0.002982	A -- B -- C	0.021323	0.002035
1.1800	0.0098	0.0009	0.8490	0.9325	0.0675	B -- C	0.050325	0.003070	C	0.022313	0.002047	<nil>	0.859866	0.004901	A -- C	0.047000	0.002993	A -- B -- C	0.020496	0.001992
1.1900	0.0101	0.0009	0.8417	0.9333	0.0667	B -- C	0.048827	0.003033	C	0.022911	0.002097	<nil>	0.861590	0.004881	A -- C	0.046815	0.002987	A -- B -- C	0.019858	0.001967
1.2000	0.0101	0.0009	0.8353	0.9341	0.0659	B -- C	0.048143	0.003019	C	0.023027	0.002095	<nil>	0.862948	0.004856	A -- C	0.046761	0.002984	A -- B -- C	0.019120	0.001932
1.2100	0.0096	0.0009	0.8246	0.9344	0.0656	B -- C	0.047294	0.002989	C	0.021948	0.002035	<nil>	0.865115	0.004823	A -- C	0.046829	0.002986	A -- B -- C	0.018813	0.001915
1.2200	0.0095	0.0009	0.8172	0.9344	0.0656	B -- C	0.045817	0.002950	C	0.021646	0.002037	<nil>	0.866979	0.004798	A -- C	0.046163	0.002964	A -- B -- C	0.019395	0.001942
1.2300	0.0095	0.0009	0.8104	0.9351	0.0649	B -- C	0.044981	0.002914	C	0.021650	0.002027	<nil>	0.868489	0.004773	A -- C	0.045751	0.002951	A -- B -- C	0.019129	0.001922
1.2400	0.0093	0.0009	0.8022	0.9357	0.0643	B -- C	0.044123	0.002897	C	0.021206	0.002020	<nil>	0.870415	0.004744	A -- C	0.044769	0.002919	A -- B -- C	0.019487	0.001940
1.2500	0.0089	0.0009	0.7929	0.9362	0.0638	B -- C	0.043653	0.002880	C	0.020172	0.001953	<nil>	0.872364	0.004710	A -- C	0.044144	0.002901	A -- B -- C	0.019666	0.001957
1.2600	0.0087	0.0009	0.7864	0.9363	0.0637	B -- C	0.042767	0.002851	C	0.019773	0.001945	<nil>	0.873796	0.004692	A -- C	0.043873	0.002893	A -- B -- C	0.019790	0.001961
1.2700	0.0082	0.0008	0.7747	0.9371	0.0629	B -- C	0.042464	0.002839	C	0.018632	0.001875	<nil>	0.876027	0.004650	A -- C	0.043641	0.002886	A -- B -- C	0.019237	0.001933
1.2800	0.0080	0.0008	0.7639	0.9381	0.0619	B -- C	0.041726	0.002813	C	0.018218	0.001855	<nil>	0.878169	0.004619	A -- C	0.043447	0.002882	A -- B -- C	0.018440	0.001897
1.2900	0.0079	0.0008	0.7558	0.9388	0.0612	B -- C	0.041048	0.002794	C	0.018005	0.001855	<nil>	0.879766	0.004593	A -- C	0.043437	0.002880	A -- B -- C	0.017743	0.001855
1.3000	0.0078	0.0008	0.7483	0.9397	0.0603	C	0.017648	0.001841	A -- C	0.042748	0.002855	<nil>	0.881316	0.004569	A -- B -- C	0.017571	0.001846	B -- C	0.040718	0.002787
1.3100	0.0074	0.0008	0.7395	0.9399	0.0601	C	0.016819	0.001795	B -- C	0.039718	0.002755	<nil>	0.883317	0.004534	A -- C	0.041664	0.002817	A -- B -- C	0.018483	0.001887
1.3200	0.0068	0.0008	0.7297	0.9403	0.0597	C	0.015569	0.001720	B -- C	0.039516	0.002746	<nil>	0.885192	0.004501	A -- C	0.041139	0.002807	A -- B -- C	0.018583	0.001903
1.3300	0.0064	0.0007	0.7185	0.9412	0.0588	C	0.014642	0.001677	B -- C	0.039331	0.002738	<nil>	0.887183	0.004469	A -- C	0.041115	0.002806	A -- B -- C	0.017729	0.001856
1.3400	0.0061	0.0007	0.7090	0.9416	0.0584	C	0.013880	0.001621	B -- C	0.038873	0.002715	<nil>	0.888882	0.004439	A -- C	0.041268	0.002810	A -- B -- C	0.017097	0.001816
1.3500	0.0058	0.0007	0.6995	0.9426	0.0574	C	0.013157	0.001587	B -- C	0.039048	0.002730	<nil>	0.890380	0.004415	A -- C	0.041609	0.002820	A -- B -- C	0.015806	0.001756
1.3600	0.0057	0.0007	0.6961	0.9429	0.0571	C	0.013048	0.001586	B -- C	0.038752	0.002721	<nil>	0.891057	0.004403	A -- C	0.041481	0.002817	A -- B -- C	0.015662	0.001745
1.3700	0.0057	0.0007	0.6900	0.9432	0.0568	C	0.013056	0.001563	A -- C	0.041284	0.002811	<nil>	0.892368	0.004376	A -- B -- C	0.015562	0.001744	B -- C	0.037730	0.002680
1.3800	0.0055	0.0007	0.6829	0.9434	0.0566	C	0.012483	0.001541	A -- B -- C	0.015244	0.001718	<nil>	0.893632	0.004354	A -- C	0.041373	0.002811	B -- C	0.037268	0.002668
1.3900	0.0054	0.0007	0.6773	0.9437	0.0563	C	0.012174	0.001542	A -- B -- C	0.015236	0.001723	<nil>	0.894754	0.004338	A -- C	0.041021	0.002802	B -- C	0.036815	0.002659
1.4000	0.0053	0.0007	0.6720	0.9440	0.0560	C	0.012141	0.001515	A -- B -- C	0.015292	0.001725	<nil>	0.895918	0.004314	A -- C	0.040730	0.002787	B -- C	0.035919	0.002617
1.4100	0.0051	0.0007	0.6646	0.9444	0.0556	C	0.011666	0.001488	A -- B -- C	0.015041	0.001704	<nil>	0.897286	0.004291	A -- C	0.040563	0.002786	B -- C	0.035444	0.002595
1.4200	0.0052	0.0007	0.6580	0.9450	0.0550	C	0.011903	0.001503	A -- B -- C	0.014733	0.001700	<nil>	0.898708	0.004260	A -- C	0.040260	0.002778	B -- C	0.034395	0.002572
1.4300	0.0056	0.0007	0.6534	0.9455	0.0545	C	0.012698	0.001555	A -- B -- C	0.014693	0.001685	<nil>	0.899934	0.004241	A -- C	0.039837	0.002759	B -- C	0.032837	0.002503
1.4400	0.0057	0.0007	0.6481	0.9456	0.0544	C	0.012862	0.001560	A -- B -- C	0.014962	0.001713	<nil>	0.901164	0.004215	A -- C	0.039432	0.002750	B -- C	0.031580	0.002462
1.4500	0.0057	0.0007	0.6410	0.9456	0.0544	C	0.013011	0.001567	A -- B -- C	0.015454	0.001739	<nil>	0.902813	0.004184	A -- C	0.038910	0.002731	B -- C	0.029812	0.002392
1.4600	0.0061	0.0007	0.6366	0.9458	0.0542	A -- B -- C	0.015435	0.001736	C	0.013909	0.001608	<nil>	0.903906	0.004160	A -- C	0.038756	0.002725	B -- C	0.027993	0.002310
1.4700	0.0064	0.0007	0.6295	0.9460	0.0540	C	0.014581	0.001663	A -- B -- C	0.015495	0.001739	<nil>	0.905447	0.004133	A -- C	0.038532	0.002721	B -- C	0.025945	0.002229
1.4800	0.0065	0.0007	0.6237	0.9461	0.0539	A -- B -- C	0.015713	0.001746	B -- C	0.024662	0.002178	<nil>	0.906680	0.004105	A -- C	0.038195	0.002703	C	0.014749	0.001665
1.4900	0.0065	0.0007	0.6148	0.9464	0.0536	B -- C	0.023185	0.002113	C	0.014809	0.001676	<nil>	0.908455	0.004070	A -- C	0.037702	0.002692	A -- B -- C	0.015849	0.001761
1.5000	0.0063	0.0007	0.6069	0.9469	0.0531	B -- C	0.022685	0.002089	C	0.014426	0.001652	<nil>	0.909836	0.004045	A -- C	0.037714	0.002693	A -- B -- C	0.015338	0.001732
1.5100	0.0062	0.0007	0.5990	0.9473	0.0527	B -- C	0.021927	0.002056	C	0.014145	0.001647	<nil>	0.911275	0.004016	A -- C	0.037565	0.002684	A -- B -- C	0.015088	0.001708
1.5200	0.0062	0.0007	0.5947	0.9478	0.0522	B -- C	0.021530	0.002039	C	0.014145	0.001647	<nil>	0.912153	0.003999	A -- C	0.037064	0.002669	A -- B -- C	0.015108	0.001716
1.5300	0.0057	0.0007	0.5831	0.9484	0.0516	B -- C	0.021414	0.002036	C	0.012869	0.001567	<nil>	0.914090	0.003957	A -- C	0.037073	0.002670	A -- B -- C	0.014555	0.001687
1.5400	0.0055	0.0007	0.5783	0.9489	0.0511	B -- C	0.021279	0.002033	C	0.012621	0.001565	<nil>	0.914965	0.003942	A -- C	0.036726	0.002658	A -- B -- C	0.014408	0.001676
1.5500	0.0058	0.0007	0.5758	0.9490	0.0510	B -- C	0.020264	0.001983	C	0.013178	0.001587	<nil>	0.915559	0.003927	A -- C	0.036438	0.002647	A -- B -- C	0.014562	0.001690
1.5600	0.0056	0.0007	0.5680	0.9492	0.0508	B -- C	0.019516	0.001950	C	0.012730	0.001565	<nil>	0.916920	0.003898	A -- C	0.036354	0.002646	A -- B -- C	0.014480	0.001686
1.5700	0.0052	0.0007	0.5606	0.9494	0.0506	B -- C	0.019312	0.001939	C	0.011922	0.001513	<nil>	0.918168	0.003870	A -- C	0.036271	0.002642	A -- B -- C	0.014326	0.001673
1.5800	0.0050	0.0006	0.5534	0.9502	0.0498	B -- C	0.019315	0.001929	C	0.011401	0.001475	<nil>	0.919466	0.003843	A -- C	0.035675	0.002619	A -- B -- C	0.014143	0.001653
1.5900	0.0048	0.0006	0.5459	0.9507	0.0493	B -- C	0.018804	0.001909	C	0.010938	0.001448	<nil>	0.920941	0.003811	A -- C	0.034675	0.002585	A -- B -- C	0.014641	0.001691
1.6000	0.0048	0.0006	0.5401	0.9512	0.0488	B -- C	0.018359	0.001886	C	0.010890	0.001443	<nil>	0.921966	0.003789	A -- C	0.034460	0.002578	A -- B -- C	0.014325	0.001675
1.6100	0.0046	0.0006	0.5334	0.9516	0.0484	B -- C	0.018024	0.001876	C	0.010408	0.001414	<nil>	0.923143	0.003762	A -- C	0.034139	0.002566	A -- B -- C	0.014285	0.001675
1.6200	0.0039	0.0006	0.5235	0.9516	0.0484	B -- C	0.017962	0.001877	C	0.008935	0.001305	<nil>	0.924675	0.003724	A -- C	0.034010	0.002560	A -- B -- C	0.014417	0.001679
1.6300	0.0037	0.0006	0.5149	0.9516	0.0484	B -- C	0.016954	0.001819	C	0.008459	0.001276	<nil>	0.926194	0.003694	A -- C	0.033548	0.002543	A -- B -- C	0.014845	0.001704
1.6400	0.0035	0.0005	0.5085	0.9521	0.0479	B -- C	0.016831	0.001804	C	0.007937	0.001226	<nil>	0.927349	0.003665	A -- C	0.032766	0.002513	A -- B -- C	0.015118	0.001711
1.6500	0.0033	0.0005	0.5031	0.9527	0.0473	B -- C	0.016855	0.001807	C	0.007579	0.001198	<nil>	0.928246	0.003646	A -- C	0.032465	0.002503	A -- B -- C	0.014855	0.001702
1.6600	0.0033	0.0005	0.4998	0.9530	0.0470	B -- C	0.016572	0.001791	C	0.007605	0.001209	<nil>	0.928853	0.003634	A -- C	0.032312	0.002498	A -- B -- C	0.014659	0.001690
1.6700	0.0032	0.0005	0.4949	0.9534	0.0466	B -- C	0.016546	0.001792	C	0.007224	0.001173	<nil>	0.929629	0.003614	A -- C	0.032167	0.002490	A -- B -- C	0.014434	0.001675
1.6800	0.0032	0.0005	0.4911	0.9537	0.0463	B -- C	0.015959	0.001758	C	0.007383	0.001184	<nil>	0.930348	0.003596	A -- C	0.031964	0.002487	A -- B -- C	0.014345	0.001674
1.6900	0.0030	0.0005	0.4851	0.9545	0.0455	A -- B -- C	0.013508	0.001625	C	0.006884	0.001153	<nil>	0.931224	0.003577	A -- C	0.032009	0.002488	B -- C	0.016375	0.001784
1.7000	0.0031	0.0005	0.4827	0.9554	0.0446	A -- B -- C	0.012765	0.001577	C	0.007046	0.001164	<nil>	0.931675	0.003564	A -- C	0.031808	0.002480	B -- C	0.016705	0.001801
1.7100	0.0031	0.0005	0.4801	0.9559	0.0441	A -- B -- C	0.012830	0.001578	C	0.006954	0.001158	<nil>	0.932181	0.003554	A -- C	0.031319	0.002460	B -- C	0.016716	0.001800
1.7200	0.0033	0.0005	0.4796	0.9563	0.0437	A -- B -- C	0.012559	0.001573	C	0.007575	0.001218	<nil>	0.932400	0.003551	A -- C	0.031127	0.002454	B -- C	0.016340	0.001788
1.7300	0.0032	0.0005	0.4753	0.9564	0.0436	A -- B -- C	0.012557	0.001573	C	0.007296	0.001185	<nil>	0.933098	0.003528	A -- C	0.031043	0.002452	B -- C	0.016005	0.001775
1.7400	0.0030	0.0005	0.4706	0.9571	0.0429	A -- B -- C	0.012342	0.001551	C	0.006879	0.001147	<nil>	0.933875	0.003511	A -- C	0.030592	0.002433	B -- C	0.016311	0.001779
1.7500	0.0027	0.0005	0.4631	0.9574	0.0426	A -- B -- C	0.012107	0.001542	C	0.006178	0.001081	<nil>	0.934992	0.003481	A -- C	0.030540	0.002432	B -- C	0.016184	0.001777
1.7600	0.0026	0.0005	0.4586	0.9576	0.0424	A -- B -- C	0.011801	0.001527	C	0.005990	0.001068	<nil>	0.935671	0.003468	A -- C	0.030619	0.002436	B -- C	0.015918	0.001761
1.7700	0.0030	0.0005	0.4571	0.9578	0.0422	A -- B -- C	0.011701	0.001504	C	0.006745	0.001138	<nil>	0.936115	0.003456	A -- C	0.030473	0.002426	B -- C	0.014965	0.001700
1.7800	0.0026	0.0005	0.4513	0.9580	0.0420	A -- B -- C	0.011581	0.001507	C	0.005877	0.001063	<nil>	0.936907	0.003437	A -- C	0.030399	0.002423	B -- C	0.015236	0.001727
1.7900	0.0028	0.0005	0.4512	0.9583	0.0417	A -- B -- C	0.011423	0.001495	C	0.006361	0.001111	<nil>	0.937041	0.003434	A -- C	0.030305	0.002423	B -- C	0.014869	0.001701
1.8000	0.0028	0.0005	0.4468	0.9589	0.0411	A -- B -- C	0.011257	0.001485	C	0.006427	0.001111	<nil>	0.937852	0.003412	A -- C	0.029832	0.002405	B -- C	0.014631	0.001687
1.8100	0.0027	0.0005	0.4398	0.9593	0.0407	B -- C	0.014111	0.001653	C	0.006127	0.001067	<nil>	0.939043	0.003377	A -- C	0.029348	0.002384	A -- B -- C	0.011371	0.001491
1.8200	0.0026	0.0005	0.4354	0.9601	0.0399	B -- C	0.014488	0.001677	C	0.005858	0.001071	<nil>	0.939751	0.003363	A -- C	0.029000	0.002373	A -- B -- C	0.010903	0.001454
1.8300	0.0024	0.0005	0.4316	0.9606	0.0394	B -- C	0.015002	0.001712	C	0.005440	0.001025	<nil>	0.940200	0.003350	A -- C	0.029159	0.002378	A -- B -- C	0.010198	0.001413
1.8400	0.0023	0.0004	0.4273	0.9612	0.0388	C	0.005217	0.001000	A -- C	0.029067	0.002374	<nil>	0.940833	0.003332	A -- B -- C	0.009751	0.001384	B -- C	0.015131	0.001718
1.8500	0.0021	0.0004	0.4218	0.9616	0.0384	B -- C	0.015265	0.001726	C	0.004812	0.000967	<nil>	0.941570	0.003315	A -- C	0.029200	0.002381	A -- B -- C	0.009154	0.001338
1.8600	0.0021	0.0004	0.4199	0.9620	0.0380	B -- C	0.015187	0.001723	C	0.004887	0.000970	<nil>	0.941926	0.003307	A -- C	0.028990	0.002371	A -- B -- C	0.009010	0.001332
1.8700	0.0021	0.0004	0.4171	0.9620	0.0380	B -- C	0.014715	0.001698	C	0.004844	0.000956	<nil>	0.942441	0.003289	A -- C	0.028749	0.002362	A -- B -- C	0.009251	0.001351
1.8800	0.0020	0.0004	0.4138	0.9621	0.0379	B -- C	0.014546	0.001685	C	0.004561	0.000932	<nil>	0.943020	0.003276	A -- C	0.028322	0.002344	A -- B -- C	0.009550	0.001369
1.8900	0.0021	0.0004	0.4117	0.9622	0.0378	B -- C	0.013933	0.001644	C	0.004771	0.000951	<nil>	0.943497	0.003261	A -- C	0.028024	0.002330	A -- B -- C	0.009776	0.001385
1.9000	0.0020	0.0004	0.4068	0.9622	0.0378	B -- C	0.013449	0.001627	C	0.004513	0.000932	<nil>	0.944238	0.003242	A -- C	0.028000	0.002333	A -- B -- C	0.009800	0.001393
1.9100	0.0018	0.0004	0.4033	0.9624	0.0376	B -- C	0.013515	0.001629	C	0.004159	0.000892	<nil>	0.944689	0.003229	A -- C	0.028000	0.002333	A -- B -- C	0.009638	0.001380
1.9200	0.0018	0.0004	0.4011	0.9624	0.0376	B -- C	0.013176	0.001604	C	0.004119	0.000883	<nil>	0.945106	0.003220	A -- C	0.027758	0.002318	A -- B -- C	0.009842	0.001388
1.9300	0.0021	0.0004	0.4007	0.9625	0.0375	B -- C	0.012481	0.001562	C	0.004667	0.000959	<nil>	0.945400	0.003213	A -- C	0.027292	0.002302	A -- B -- C	0.010161	0.001409
1.9400	0.0021	0.0004	0.3994	0.9628	0.0372	C	0.004876	0.000962	A -- C	0.027200	0.002301	<nil>	0.945669	0.003202	A -- B -- C	0.010000	0.001407	B -- C	0.012255	0.001550
1.9500	0.0021	0.0004	0.3970	0.9632	0.0368	B -- C	0.012321	0.001552	A -- C	0.026790	0.002278	<nil>	0.946099	0.003192	A -- B -- C	0.009977	0.001390	C	0.004813	0.000969
1.9600	0.0021	0.0004	0.3965	0.9634	0.0366	B -- C	0.012279	0.001550	A -- C	0.026430	0.002266	<nil>	0.946276	0.003187	A -- B -- C	0.010160	0.001413	C	0.004855	0.000969
1.9700	0.0022	0.0004	0.3932	0.9636	0.0364	B -- C	0.011664	0.001515	A -- C	0.025979	0.002247	<nil>	0.946912	0.003169	A -- B -- C	0.010418	0.001432	C	0.005026	0.000988
1.9800	0.0023	0.0004	0.3928	0.9637	0.0363	B -- C	0.011314	0.001482	A -- C	0.025775	0.002240	<nil>	0.947080	0.003165	A -- B -- C	0.010490	0.001436	C	0.005342	0.001011
1.9900	0.0020	0.0004	0.3847	0.9641	0.0359	B -- C	0.011379	0.001495	A -- C	0.025800	0.002242	<nil>	0.948185	0.003127	A -- B -- C	0.010060	0.001408	C	0.004576	0.000924
2.0000	0.0021	0.0004	0.3815	0.9643	0.0357	B -- C	0.010896	0.001449	A -- C	0.025578	0.002228	<nil>	0.948749	0.003117	A -- B -- C	0.010108	0.001403	C	0.004670	0.000930
2.0100	0.0022	0.0004	0.3789	0.9644	0.0356	B -- C	0.010043	0.001408	C	0.005091	0.000994	<nil>	0.949289	0.003100	A -- C	0.025198	0.002217	A -- B -- C	0.010379	0.001432
2.0200	0.0021	0.0004	0.3753	0.9647	0.0353	B -- C	0.010019	0.001401	C	0.004822	0.000960	<nil>	0.949894	0.003082	A -- C	0.024711	0.002190	A -- B -- C	0.010554	0.001434
2.0300	0.0021	0.0004	0.3734	0.9650	0.0350	B -- C	0.010060	0.001406	C	0.004665	0.000954	<nil>	0.950234	0.003075	A -- C	0.024290	0.002174	A -- B -- C	0.010751	0.001453
2.0400	0.0020	0.0004	0.3705	0.9652	0.0348	B -- C	0.010027	0.001400	C	0.004477	0.000919	<nil>	0.950731	0.003056	A -- C	0.023879	0.002157	A -- B -- C	0.010886	0.001461
2.0500	0.0019	0.0004	0.3681	0.9657	0.0343	B -- C	0.010188	0.001403	C	0.004398	0.000918	<nil>	0.951066	0.003050	A -- C	0.023985	0.002163	A -- B -- C	0.010362	0.001423
2.0600	0.0020	0.0004	0.3653	0.9660	0.0340	B -- C	0.010092	0.001399	C	0.004474	0.000917	<nil>	0.951473	0.003035	A -- C	0.024159	0.002170	A -- B -- C	0.009801	0.001383
2.0700	0.0019	0.0004	0.3616	0.9664	0.0336	B -- C	0.010121	0.001410	C	0.004289	0.000914	<nil>	0.951990	0.003023	A -- C	0.024200	0.002173	A -- B -- C	0.009400	0.001365
2.0800	0.0020	0.0004	0.3603	0.9664	0.0336	B -- C	0.009630	0.001373	C	0.004538	0.000932	<nil>	0.952232	0.003014	A -- C	0.024200	0.002173	A -- B -- C	0.009400	0.001365
2.0900	0.0019	0.0004	0.3578	0.9666	0.0334	B -- C	0.009578	0.001371	C	0.004393	0.000925	<nil>	0.952607	0.003002	A -- C	0.024111	0.002167	A -- B -- C	0.009311	0.001348
2.1000	0.0019	0.0004	0.3570	0.9669	0.0331	B -- C	0.009726	0.001378	C	0.004405	0.000932	<nil>	0.952800	0.002999	A -- C	0.023715	0.002147	A -- B -- C	0.009355	0.001347
2.1100	0.0019	0.0004	0.3548	0.9672	0.0328	B -- C	0.009673	0.001376	C	0.004281	0.000890	<nil>	0.953198	0.002981	A -- C	0.023311	0.002132	A -- B -- C	0.009538	0.001372
2.1200	0.0017	0.0004	0.3499	0.9673	0.0327	B -- C	0.009593	0.001371	C	0.003853	0.000862	<nil>	0.953862	0.002964	A -- C	0.023285	0.002131	A -- B -- C	0.009407	0.001358
2.1300	0.0016	0.0004	0.3469	0.9673	0.0327	B -- C	0.009371	0.001348	C	0.003634	0.000823	<nil>	0.954283	0.002952	A -- C	0.023200	0.002128	A -- B -- C	0.009512	0.001368
2.1400	0.0018	0.0004	0.3468	0.9677	0.0323	B -- C	0.009168	0.001340	C	0.004109	0.000898	<nil>	0.954400	0.002951	A -- C	0.023079	0.002121	A -- B -- C	0.009244	0.001347
2.1500	0.0019	0.0004	0.3470	0.9681	0.0319	B -- C	0.009194	0.001338	C	0.004430	0.000924	<nil>	0.954482	0.002946	A -- C	0.022783	0.002104	A -- B -- C	0.009111	0.001329
2.1600	0.0019	0.0004	0.3438	0.9685	0.0315	B -- C	0.009076	0.001329	C	0.004333	0.000907	<nil>	0.955050	0.002926	A -- C	0.022246	0.002081	A -- B -- C	0.009295	0.001344
2.1700	0.0018	0.0004	0.3408	0.9686	0.0314	B -- C	0.009000	0.001336	C	0.004029	0.000888	<nil>	0.955571	0.002912	A -- C	0.021561	0.002053	A -- B -- C	0.009839	0.001394
2.1800	0.0017	0.0004	0.3384	0.9686	0.0314	B -- C	0.008783	0.001316	C	0.003880	0.000869	<nil>	0.955937	0.002901	A -- C	0.021369	0.002044	A -- B -- C	0.010031	0.001408
2.1900	0.0017	0.0004	0.3368	0.9688	0.0312	B -- C	0.008713	0.001308	C	0.003884	0.000870	<nil>	0.956181	0.002894	A -- C	0.021316	0.002040	A -- B -- C	0.009906	0.001396
2.2000	0.0016	0.0004	0.3332	0.9689	0.0311	B -- C	0.008663	0.001300	C	0.003530	0.000812	<nil>	0.956660	0.002875	A -- C	0.021237	0.002035	A -- B -- C	0.009909	0.001391
2.2100	0.0015	0.0004	0.3303	0.9694	0.0306	B -- C	0.008722	0.001303	C	0.003485	0.000823	<nil>	0.957220	0.002861	A -- C	0.020494	0.001994	A -- B -- C	0.010079	0.001393
2.2200	0.0015	0.0004	0.3275	0.9697	0.0303	B -- C	0.008609	0.001299	C	0.003340	0.000797	<nil>	0.957735	0.002842	A -- C	0.019676	0.001960	A -- B -- C	0.010640	0.001449
2.2300	0.0014	0.0004	0.3257	0.9701	0.0299	B -- C	0.008803	0.001314	C	0.003289	0.000800	<nil>	0.958034	0.002835	A -- C	0.019408	0.001951	A -- B -- C	0.010465	0.001436
2.2400	0.0013	0.0003	0.3241	0.9703	0.0297	B -- C	0.009044	0.001330	C	0.003030	0.000774	<nil>	0.958200	0.002831	A -- C	0.019600	0.001961	A -- B -- C	0.010126	0.001410
2.2500	0.0016	0.0004	0.3236	0.9713	0.0287	B -- C	0.009254	0.001331	C	0.003606	0.000815	<nil>	0.958398	0.002821	A -- C	0.019600	0.001961	A -- B -- C	0.009143	0.001337
2.2600	0.0019	0.0004	0.3230	0.9717	0.0283	B -- C	0.008795	0.001311	C	0.004309	0.000918	<nil>	0.958614	0.002817	A -- C	0.019600	0.001961	A -- B -- C	0.008682	0.001308
2.2700	0.0016	0.0004	0.3155	0.9719	0.0281	B -- C	0.008625	0.001301	C	0.003660	0.000826	<nil>	0.959649	0.002777	A -- C	0.019436	0.001951	A -- B -- C	0.008630	0.001303
2.2800	0.0014	0.0003	0.3093	0.9720	0.0280	C	0.003242	0.000774	A -- C	0.019400	0.001951	<nil>	0.960479	0.002749	A -- B -- C	0.008600	0.001306	B -- C	0.008278	0.001277
2.2900	0.0013	0.0003	0.3067	0.9721	0.0279	C	0.003050	0.000757	B -- C	0.008264	0.001266	<nil>	0.960829	0.002743	A -- C	0.019362	0.001945	A -- B -- C	0.008495	0.001288
2.3000	0.0014	0.0003	0.3053	0.9724	0.0276	C	0.003244	0.000785	B -- C	0.008138	0.001254	<nil>	0.961057	0.002735	A -- C	0.019400	0.001951	A -- B -- C	0.008161	0.001265
2.3100	0.0014	0.0003	0.3019	0.9726	0.0274	C	0.003178	0.000770	B -- C	0.007904	0.001244	<nil>	0.961543	0.002715	A -- C	0.019400	0.001951	A -- B -- C	0.007975	0.001256
2.3200	0.0015	0.0004	0.3005	0.9732	0.0268	C	0.003400	0.000823	B -- C	0.008007	0.001256	<nil>	0.961800	0.002711	A -- C	0.019285	0.001943	A -- B -- C	0.007508	0.001212
2.3300	0.0015	0.0004	0.3012	0.9734	0.0266	C	0.003506	0.000830	B -- C	0.008094	0.001263	<nil>	0.961800	0.002711	A -- C	0.018901	0.001922	A -- B -- C	0.007699	0.001230
2.3400	0.0016	0.0004	0.2997	0.9739	0.0261	C	0.003646	0.000836	B -- C	0.008235	0.001267	<nil>	0.962045	0.002700	A -- C	0.018800	0.001921	A -- B -- C	0.007273	0.001197
2.3500	0.0017	0.0004	0.2986	0.9741	0.0259	C	0.003759	0.000861	B -- C	0.008093	0.001262	<nil>	0.962218	0.002696	A -- C	0.018800	0.001921	A -- B -- C	0.007130	0.001186
2.3600	0.0016	0.0004	0.2972	0.9743	0.0257	C	0.003605	0.000840	B -- C	0.008252	0.001273	<nil>	0.962439	0.002688	A -- C	0.018584	0.001905	A -- B -- C	0.007121	0.001177
2.3700	0.0016	0.0004	0.2950	0.9745	0.0255	C	0.003637	0.000848	B -- C	0.008114	0.001264	<nil>	0.962798	0.002677	A -- C	0.018361	0.001897	A -- B -- C	0.007090	0.001181
2.3800	0.0016	0.0004	0.2940	0.9747	0.0253	C	0.003671	0.000834	B -- C	0.008071	0.001255	<nil>	0.963003	0.002665	A -- C	0.018025	0.001881	A -- B -- C	0.007230	0.001189
2.3900	0.0014	0.0003	0.2893	0.9753	0.0247	C	0.003285	0.000788	B -- C	0.008398	0.001276	<nil>	0.963609	0.002646	A -- C	0.017979	0.001874	A -- B -- C	0.006728	0.001143
2.4000	0.0014	0.0003	0.2860	0.9752	0.0248	C	0.003167	0.000782	B -- C	0.008023	0.001260	<nil>	0.964026	0.002631	A -- C	0.018184	0.001889	A -- B -- C	0.006600	0.001145
2.4100	0.0011	0.0003	0.2811	0.9753	0.0247	C	0.002590	0.000707	B -- C	0.008133	0.001267	<nil>	0.964610	0.002610	A -- C	0.018200	0.001891	A -- B -- C	0.006467	0.001130
2.4200	0.0012	0.0003	0.2789	0.9758	0.0242	C	0.002627	0.000693	B -- C	0.008213	0.001254	<nil>	0.964915	0.002600	A -- C	0.018200	0.001891	A -- B -- C	0.006044	0.001085
2.4300	0.0013	0.0003	0.2787	0.9762	0.0238	C	0.003000	0.000774	B -- C	0.008208	0.001270	<nil>	0.965000	0.002599	A -- C	0.018200	0.001891	A -- B -- C	0.005592	0.001048
2.4400	0.0014	0.0003	0.2772	0.9766	0.0234	C	0.003117	0.000773	B -- C	0.008277	0.001274	<nil>	0.965207	0.002588	A -- C	0.018200	0.001891	A -- B -- C	0.005200	0.001017
2.4500	0.0013	0.0003	0.2732	0.9766	0.0234	C	0.002984	0.000756	B -- C	0.007814	0.001244	<nil>	0.965802	0.002566	A -- C	0.018022	0.001880	A -- B -- C	0.005378	0.001033
2.4600	0.0011	0.0003	0.2691	0.9766	0.0234	C	0.002573	0.000698	B -- C	0.007709	0.001231	<nil>	0.966318	0.002549	A -- C	0.017926	0.001874	A -- B -- C	0.005474	0.001039
2.4700	0.0012	0.0003	0.2693	0.9766	0.0234	B -- C	0.007400	0.001212	C	0.002800	0.000747	<nil>	0.966400	0.002549	A -- C	0.017688	0.001862	A -- B -- C	0.005712	0.001061
2.4800	0.0012	0.0003	0.2692	0.9769	0.0231	B -- C	0.007666	0.001226	C	0.002778	0.000742	<nil>	0.966422	0.002547	A -- C	0.017593	0.001859	A -- B -- C	0.005541	0.001041
2.4900	0.0011	0.0003	0.2667	0.9770	0.0230	B -- C	0.007700	0.001231	C	0.002491	0.000684	<nil>	0.966822	0.002529	A -- C	0.017057	0.001825	A -- B -- C	0.005931	0.001074
2.5000	0.0010	0.0003	0.2645	0.9773	0.0227	B -- C	0.007798	0.001236	C	0.002317	0.000666	<nil>	0.967142	0.002520	A -- C	0.016800	0.001818	A -- B -- C	0.005943	0.001083
2.5100	0.0011	0.0003	0.2636	0.9778	0.0222	C	0.002587	0.000702	B -- C	0.007835	0.001239	<nil>	0.967342	0.002512	A -- C	0.016653	0.001808	A -- B -- C	0.005583	0.001047
2.5200	0.0012	0.0003	0.2622	0.9779	0.0221	C	0.002682	0.000720	B -- C	0.007627	0.001223	<nil>	0.967617	0.002502	A -- C	0.016367	0.001790	A -- B -- C	0.005707	0.001053
2.5300	0.0013	0.0003	0.2617	0.9780	0.0220	C	0.003022	0.000757	B -- C	0.007160	0.001181	<nil>	0.967818	0.002495	A -- C	0.016006	0.001775	A -- B -- C	0.005994	0.001091
2.5400	0.0015	0.0004	0.2603	0.9780	0.0220	C	0.003458	0.000819	B -- C	0.006477	0.001129	<nil>	0.968088	0.002484	A -- C	0.015944	0.001769	A -- B -- C	0.006034	0.001090
2.5500	0.0015	0.0004	0.2593	0.9784	0.0216	C	0.003361	0.000815	B -- C	0.006785	0.001160	<nil>	0.968239	0.002479	A -- C	0.015800	0.001764	A -- B -- C	0.005815	0.001074
2.5600	0.0014	0.0003	0.2568	0.9787	0.0213	C	0.003272	0.000794	B -- C	0.006880	0.001150	<nil>	0.968580	0.002467	A -- C	0.015736	0.001758	A -- B -- C	0.005531	0.001032
2.5700	0.0014	0.0004	0.2556	0.9790	0.0210	C	0.003203	0.000799	B -- C	0.007000	0.001179	<nil>	0.968797	0.002459	A -- C	0.015366	0.001734	A -- B -- C	0.005634	0.001050
2.5800	0.0014	0.0004	0.2561	0.9790	0.0210	C	0.003225	0.000799	B -- C	0.006975	0.001175	<nil>	0.968800	0.002459	A -- C	0.014988	0.001717	A -- B -- C	0.006012	0.001091
2.5900	0.0014	0.0003	0.2542	0.9792	0.0208	C	0.003122	0.000771	B -- C	0.007023	0.001173	<nil>	0.969078	0.002443	A -- C	0.014800	0.001708	A -- B -- C	0.005977	0.001081
2.6000	0.0012	0.0003	0.2511	0.9794	0.0206	C	0.002738	0.000733	B -- C	0.007202	0.001196	<nil>	0.969462	0.002432	A -- C	0.014732	0.001701	A -- B -- C	0.005866	0.001076
2.6100	0.0010	0.0003	0.2473	0.9796	0.0204	C	0.002280	0.000666	B -- C	0.007400	0.001212	<nil>	0.969920	0.002413	A -- C	0.014554	0.001692	A -- B -- C	0.005846	0.001075
2.6200	0.0010	0.0003	0.2468	0.9797	0.0203	C	0.002261	0.000665	B -- C	0.007443	0.001210	<nil>	0.970000	0.002413	A -- C	0.014440	0.001682	A -- B -- C	0.005856	0.001075
2.6300	0.0011	0.0003	0.2474	0.9796	0.0204	C	0.002567	0.000702	B -- C	0.007033	0.001174	<nil>	0.970000	0.002413	A -- C	0.014400	0.001685	A -- B -- C	0.006000	0.001092
2.6400	0.0013	0.0003	0.2471	0.9796	0.0204	C	0.002845	0.000741	B -- C	0.006658	0.001147	<nil>	0.970097	0.002407	A -- C	0.014400	0.001685	A -- B -- C	0.006000	0.001092
2.6500	0.0013	0.0003	0.2465	0.9797	0.0203	C	0.003024	0.000761	B -- C	0.006408	0.001117	<nil>	0.970256	0.002401	A -- C	0.014093	0.001664	A -- B -- C	0.006220	0.001102
2.6600	0.0013	0.0003	0.2432	0.9798	0.0202	C	0.002938	0.000744	B -- C	0.006182	0.001098	<nil>	0.970712	0.002382	A -- C	0.014000	0.001662	A -- B -- C	0.006168	0.001105
2.6700	0.0013	0.0003	0.2389	0.9798	0.0202	C	0.002915	0.000734	B -- C	0.005624	0.001046	<nil>	0.971288	0.002359	A -- C	0.014051	0.001660	A -- B -- C	0.006123	0.001099
2.6800	0.0012	0.0003	0.2363	0.9798	0.0202	C	0.002767	0.000737	B -- C	0.005400	0.001037	<nil>	0.971633	0.002346	A -- C	0.013914	0.001654	A -- B -- C	0.006286	0.001113
2.6900	0.0012	0.0003	0.2341	0.9801	0.0199	B -- C	0.005323	0.001013	C	0.002777	0.000721	<nil>	0.971960	0.002331	A -- C	0.013800	0.001650	A -- B -- C	0.006141	0.001097
2.7000	0.0012	0.0003	0.2316	0.9803	0.0197	B -- C	0.005326	0.001025	C	0.002702	0.000727	<nil>	0.972298	0.002319	A -- C	0.013702	0.001641	A -- B -- C	0.005973	0.001081
2.7100	0.0011	0.0003	0.2296	0.9806	0.0194	B -- C	0.005415	0.001033	C	0.002586	0.000711	<nil>	0.972576	0.002309	A -- C	0.013571	0.001635	A -- B -- C	0.005852	0.001075
2.7200	0.0012	0.0003	0.2296	0.9807	0.0193	B -- C	0.005417	0.001028	C	0.002646	0.000718	<nil>	0.972620	0.002307	A -- C	0.013400	0.001626	A -- B -- C	0.005918	0.001080
2.7300	0.0011	0.0003	0.2281	0.9813	0.0187	C	0.002600	0.000720	A -- B -- C	0.005256	0.001018	<nil>	0.972800	0.002301	A -- C	0.013400	0.001626	B -- C	0.005944	0.001083
2.7400	0.0011	0.0003	0.2278	0.9812	0.0188	C	0.002419	0.000692	A -- B -- C	0.005258	0.001015	<nil>	0.972800	0.002301	A -- C	0.013495	0.001627	B -- C	0.006029	0.001093
2.7500	0.0010	0.0003	0.2260	0.9815	0.0185	A -- B -- C	0.005265	0.001019	C	0.002319	0.000661	<nil>	0.973068	0.002285	A -- C	0.013200	0.001614	B -- C	0.006148	0.001100
2.7600	0.0010	0.0003	0.2234	0.9819	0.0181	A -- B -- C	0.004877	0.000980	C	0.002232	0.000653	<nil>	0.973400	0.002276	A -- C	0.013200	0.001614	B -- C	0.006291	0.001105
2.7700	0.0011	0.0003	0.2224	0.9821	0.0179	A -- B -- C	0.004839	0.000972	C	0.002454	0.000681	<nil>	0.973588	0.002264	A -- C	0.013084	0.001604	B -- C	0.006035	0.001088
2.7800	0.0014	0.0003	0.2215	0.9822	0.0178	C	0.003132	0.000767	A -- B -- C	0.004800	0.000978	<nil>	0.973818	0.002258	A -- C	0.013000	0.001602	B -- C	0.005250	0.001006
2.7900	0.0014	0.0003	0.2181	0.9824	0.0176	C	0.003095	0.000770	A -- B -- C	0.004754	0.000968	<nil>	0.974296	0.002233	A -- C	0.012856	0.001591	B -- C	0.004999	0.000996
2.8000	0.0012	0.0003	0.2138	0.9824	0.0176	C	0.002757	0.000720	A -- B -- C	0.004800	0.000978	<nil>	0.974827	0.002213	A -- C	0.012800	0.001590	B -- C	0.004817	0.000969
2.8100	0.0012	0.0003	0.2118	0.9828	0.0172	C	0.002802	0.000734	A -- B -- C	0.004429	0.000936	<nil>	0.975090	0.002202	A -- C	0.012800	0.001590	B -- C	0.004878	0.000978
2.8200	0.0012	0.0003	0.2100	0.9828	0.0172	C	0.002672	0.000724	A -- B -- C	0.004447	0.000937	<nil>	0.975328	0.002192	A -- C	0.012753	0.001585	B -- C	0.004800	0.000978
2.8300	0.0012	0.0003	0.2089	0.9831	0.0169	C	0.002670	0.000723	A -- B -- C	0.004487	0.000933	<nil>	0.975524	0.002183	A -- C	0.012445	0.001566	B -- C	0.004873	0.000977
2.8400	0.0011	0.0003	0.2067	0.9833	0.0167	C	0.002515	0.000688	A -- B -- C	0.004266	0.000917	<nil>	0.975800	0.002169	A -- C	0.012400	0.001565	B -- C	0.005019	0.000990
2.8500	0.0011	0.0003	0.2054	0.9834	0.0166	A -- B -- C	0.004334	0.000923	C	0.002551	0.000701	<nil>	0.976000	0.002165	A -- C	0.012227	0.001553	B -- C	0.004889	0.000974
2.8600	0.0012	0.0003	0.2042	0.9836	0.0164	A -- B -- C	0.004200	0.000915	C	0.002815	0.000747	<nil>	0.976185	0.002156	A -- C	0.012200	0.001553	B -- C	0.004600	0.000957
2.8700	0.0013	0.0003	0.2038	0.9836	0.0164	A -- B -- C	0.004444	0.000933	C	0.002929	0.000746	<nil>	0.976301	0.002149	A -- C	0.011956	0.001532	B -- C	0.004370	0.000923
2.8800	0.0013	0.0003	0.2016	0.9837	0.0163	A -- B -- C	0.004410	0.000928	C	0.002947	0.000743	<nil>	0.976598	0.002134	A -- C	0.011884	0.001529	B -- C	0.004161	0.000894
2.8900	0.0011	0.0003	0.1966	0.9840	0.0160	A -- B -- C	0.004189	0.000911	C	0.002404	0.000675	<nil>	0.977196	0.002106	A -- C	0.011817	0.001527	B -- C	0.004394	0.000935
2.9000	0.0010	0.0003	0.1948	0.9840	0.0160	A -- B -- C	0.004200	0.000915	C	0.002200	0.000663	<nil>	0.977400	0.002102	A -- C	0.011800	0.001527	B -- C	0.004400	0.000936
2.9100	0.0009	0.0003	0.1931	0.9841	0.0159	A -- B -- C	0.004099	0.000897	C	0.001998	0.000626	<nil>	0.977602	0.002091	A -- C	0.011788	0.001526	B -- C	0.004513	0.000943
2.9200	0.0007	0.0002	0.1897	0.9843	0.0157	A -- B -- C	0.004094	0.000898	C	0.001601	0.000565	<nil>	0.977999	0.002075	A -- C	0.011600	0.001514	B -- C	0.004706	0.000963
2.9300	0.0007	0.0002	0.1896	0.9843	0.0157	A -- B -- C	0.004000	0.000893	C	0.001592	0.000550	<nil>	0.978000	0.002075	A -- C	0.011657	0.001515	B -- C	0.004751	0.000969
2.9400	0.0007	0.0002	0.1881	0.9843	0.0157	A -- B -- C	0.004049	0.000888	C	0.001554	0.000543	<nil>	0.978191	0.002064	A -- C	0.011656	0.001515	B -- C	0.004549	0.000942
2.9500	0.0007	0.0002	0.1859	0.9844	0.0156	A -- B -- C	0.004277	0.000915	C	0.001615	0.000546	<nil>	0.978536	0.002048	A -- C	0.011323	0.001491	B -- C	0.004249	0.000911
2.9600	0.0008	0.0003	0.1861	0.9844	0.0156	A -- B -- C	0.004527	0.000942	C	0.001859	0.000602	<nil>	0.978600	0.002047	A -- C	0.011073	0.001475	B -- C	0.003941	0.000881
2.9700	0.0009	0.0003	0.1861	0.9844	0.0156	A -- B -- C	0.004800	0.000978	C	0.001953	0.000619	<nil>	0.978647	0.002043	A -- C	0.010800	0.001462	B -- C	0.003800	0.000870
2.9800	0.0007	0.0003	0.1839	0.9844	0.0156	A -- B -- C	0.004849	0.000979	C	0.001701	0.000574	<nil>	0.978899	0.002030	A -- C	0.010751	0.001456	B -- C	0.003800	0.000870
2.9900	0.0007	0.0002	0.1827	0.9846	0.0154	A -- B -- C	0.004776	0.000966	C	0.001548	0.000549	<nil>	0.979052	0.002024	A -- C	0.010600	0.001448	B -- C	0.004024	0.000886
3.0000	0.0006	0.0002	0.1801	0.9848	0.0152	C	0.001324	0.000499	A -- B -- C	0.004773	0.000972	<nil>	0.979366	0.002009	A -- C	0.010427	0.001435	B -- C	0.004110	0.000899
3.0100	0.0007	0.0002	0.1796	0.9849	0.0151	C	0.001501	0.000537	A -- B -- C	0.004821	0.000966	<nil>	0.979493	0.002002	A -- C	0.010265	0.001420	B -- C	0.003920	0.000878
3.0200	0.0007	0.0002	0.1784	0.9850	0.0150	C	0.001500	0.000522	A -- B -- C	0.005000	0.000998	<nil>	0.979681	0.001993	A -- C	0.010000	0.001407	B -- C	0.003819	0.000862
3.0300	0.0007	0.0002	0.1776	0.9851	0.0149	C	0.001600	0.000565	A -- B -- C	0.004941	0.000988	<nil>	0.979800	0.001990	A -- C	0.010000	0.001407	B -- C	0.003659	0.000849
3.0400	0.0007	0.0002	0.1777	0.9852	0.0148	C	0.001600	0.000565	A -- B -- C	0.004800	0.000978	<nil>	0.979800	0.001990	A -- C	0.010000	0.001407	B -- C	0.003800	0.000870
3.0500	0.0007	0.0002	0.1777	0.9854	0.0146	C	0.001600	0.000565	A -- B -- C	0.004632	0.000958	<nil>	0.979800	0.001990	A -- C	0.010000	0.001407	B -- C	0.003968	0.000886
3.0600	0.0007	0.0002	0.1778	0.9856	0.0144	C	0.001600	0.000565	A -- B -- C	0.004397	0.000932	<nil>	0.979800	0.001990	A -- C	0.010000	0.001407	B -- C	0.004203	0.000911
3.0700	0.0007	0.0002	0.1770	0.9859	0.0141	C	0.001499	0.000538	A -- B -- C	0.004220	0.000908	<nil>	0.979901	0.001982	A -- C	0.009846	0.001394	B -- C	0.004535	0.000946
3.0800	0.0006	0.0002	0.1763	0.9860	0.0140	C	0.001400	0.000529	A -- B -- C	0.004379	0.000932	<nil>	0.980000	0.001980	A -- C	0.009621	0.001379	B -- C	0.004600	0.000957
3.0900	0.0007	0.0002	0.1753	0.9860	0.0140	C	0.001622	0.000546	A -- B -- C	0.004394	0.000935	<nil>	0.980173	0.001970	A -- C	0.009600	0.001379	B -- C	0.004211	0.000904
3.1000	0.0009	0.0003	0.1756	0.9863	0.0137	C	0.001975	0.000624	A -- B -- C	0.004132	0.000902	<nil>	0.980200	0.001970	A -- C	0.009600	0.001379	B -- C	0.004094	0.000896
3.1100	0.0009	0.0003	0.1746	0.9864	0.0136	C	0.001952	0.000608	A -- B -- C	0.004000	0.000893	<nil>	0.980322	0.001962	A -- C	0.009600	0.001379	B -- C	0.004126	0.000900
3.1200	0.0010	0.0003	0.1741	0.9864	0.0136	C	0.002182	0.000657	A -- B -- C	0.004044	0.000894	<nil>	0.980418	0.001959	A -- C	0.009556	0.001373	B -- C	0.003800	0.000870
3.1300	0.0010	0.0003	0.1730	0.9864	0.0136	C	0.002188	0.000659	A -- B -- C	0.004351	0.000922	<nil>	0.980600	0.001951	A -- C	0.009249	0.001348	B -- C	0.003612	0.000847
3.1400	0.0010	0.0003	0.1728	0.9864	0.0136	C	0.002211	0.000651	A -- B -- C	0.004620	0.000957	<nil>	0.980660	0.001946	A -- C	0.008980	0.001333	B -- C	0.003528	0.000833
3.1500	0.0011	0.0003	0.1719	0.9864	0.0136	C	0.002481	0.000695	A -- B -- C	0.004800	0.000978	<nil>	0.980800	0.001941	A -- C	0.008800	0.001321	B -- C	0.003119	0.000781
3.1600	0.0011	0.0003	0.1701	0.9865	0.0135	C	0.002470	0.000681	A -- B -- C	0.004892	0.000979	<nil>	0.981038	0.001924	A -- C	0.008630	0.001306	B -- C	0.002970	0.000757
3.1700	0.0010	0.0003	0.1669	0.9866	0.0134	C	0.002166	0.000653	A -- B -- C	0.004834	0.000978	<nil>	0.981434	0.001908	A -- C	0.008566	0.001301	B -- C	0.003000	0.000774
3.1800	0.0008	0.0003	0.1637	0.9866	0.0134	C	0.001775	0.000592	A -- B -- C	0.005246	0.001014	<nil>	0.981825	0.001888	A -- C	0.008154	0.001266	B -- C	0.003000	0.000774
3.1900	0.0007	0.0002	0.1621	0.9866	0.0134	C	0.001600	0.000565	A -- B -- C	0.005400	0.001037	<nil>	0.982000	0.001880	A -- C	0.008000	0.001260	B -- C	0.003000	0.000774
3.2000	0.0006	0.0002	0.1598	0.9868	0.0132	C	0.001339	0.000504	A -- B -- C	0.005239	0.001012	<nil>	0.982261	0.001863	A -- C	0.008000	0.001260	B -- C	0.003161	0.000782
3.2100	0.0006	0.0002	0.1590	0.9872	0.0128	C	0.001338	0.000509	A -- B -- C	0.004759	0.000966	<nil>	0.982400	0.001860	A -- C	0.008000	0.001260	B -- C	0.003503	0.000822
3.2200	0.0006	0.0002	0.1592	0.9879	0.0121	C	0.001400	0.000529	A -- B -- C	0.004063	0.000895	<nil>	0.982400	0.001860	A -- C	0.008000	0.001260	B -- C	0.004137	0.000903
3.2300	0.0007	0.0002	0.1595	0.9880	0.0120	C	0.001640	0.000555	A -- B -- C	0.004000	0.000893	<nil>	0.982400	0.001860	A -- C	0.008000	0.001260	B -- C	0.003960	0.000877
3.2400	0.0007	0.0002	0.1571	0.9879	0.0121	C	0.001576	0.000530	A -- B -- C	0.004053	0.000894	<nil>	0.982677	0.001839	A -- C	0.008089	0.001261	B -- C	0.003606	0.000847
3.2500	0.0005	0.0002	0.1529	0.9878	0.0122	C	0.001243	0.000490	A -- B -- C	0.004202	0.000915	<nil>	0.983151	0.001818	A -- C	0.007998	0.001260	B -- C	0.003405	0.000823
3.2600	0.0005	0.0002	0.1515	0.9880	0.0120	C	0.001067	0.000443	A -- B -- C	0.004350	0.000924	<nil>	0.983333	0.001806	A -- C	0.007673	0.001230	B -- C	0.003577	0.000842
3.2700	0.0004	0.0002	0.1489	0.9881	0.0119	C	0.000800	0.000400	A -- B -- C	0.004251	0.000916	B -- C	0.003749	0.000860	A -- C	0.007600	0.001228	<nil>	0.983600	0.001796
3.2800	0.0003	0.0001	0.1473	0.9882	0.0118	C	0.000650	0.000334	A -- B -- C	0.004200	0.000915	B -- C	0.003800	0.000870	A -- C	0.007600	0.001228	<nil>	0.983750	0.001783
3.2900	0.0002	0.0001	0.1446	0.9885	0.0115	C	0.000400	0.000283	A -- B -- C	0.003931	0.000879	B -- C	0.004069	0.000894	A -- C	0.007600	0.001228	<nil>	0.984000	0.001775
3.3000	0.0002	0.0001	0.1447	0.9888	0.0112	C	0.000441	0.000286	A -- B -- C	0.003619	0.000847	B -- C	0.004340	0.000924	A -- C	0.007600	0.001228	<nil>	0.984000	0.001775
3.3100	0.0002	0.0001	0.1447	0.9888	0.0112	C	0.000550	0.000320	A -- B -- C	0.003600	0.000847	B -- C	0.004200	0.000915	A -- C	0.007600	0.001228	<nil>	0.984050	0.001770
3.3200	0.0002	0.0001	0.1433	0.9889	0.0111	C	0.000444	0.000286	A -- B -- C	0.003701	0.000853	B -- C	0.004252	0.000911	A -- C	0.007404	0.001212	<nil>	0.984200	0.001764
3.3300	0.0004	0.0002	0.1445	0.9890	0.0110	C	0.000893	0.000407	A -- B -- C	0.003595	0.000846	<nil>	0.984200	0.001764	A -- C	0.007400	0.001212	B -- C	0.003911	0.000875
3.3400	0.0004	0.0002	0.1437	0.9893	0.0107	C	0.000936	0.000408	A -- B -- C	0.003495	0.000825	<nil>	0.984335	0.001753	A -- C	0.007253	0.001197	B -- C	0.003981	0.000881
3.3500	0.0003	0.0002	0.1413	0.9894	0.0106	B -- C	0.004061	0.000895	A -- B -- C	0.003471	0.000821	<nil>	0.984600	0.001742	A -- C	0.007103	0.001182	C	0.000765	0.000384
3.3600	0.0002	0.0001	0.1400	0.9895	0.0105	B -- C	0.004275	0.000918	A -- B -- C	0.003325	0.000808	<nil>	0.984670	0.001735	A -- C	0.007200	0.001196	C	0.000530	0.000311
3.3700	0.0002	0.0001	0.1384	0.9898	0.0102	B -- C	0.004571	0.000951	A -- B -- C	0.003044	0.000774	<nil>	0.984800	0.001730	A -- C	0.007185	0.001193	C	0.000400	0.000283
3.3800	0.0002	0.0001	0.1391	0.9898	0.0102	B -- C	0.004509	0.000942	A -- B -- C	0.003397	0.000823	<nil>	0.984800	0.001730	A -- C	0.006803	0.001162	C	0.000491	0.000297
3.3900	0.0002	0.0001	0.1387	0.9898	0.0102	B -- C	0.004450	0.000937	A -- B -- C	0.003350	0.000813	<nil>	0.984874	0.001724	A -- C	0.006800	0.001162	C	0.000526	0.000310
3.4000	0.0002	0.0001	0.1371	0.9902	0.0098	C	0.000400	0.000283	A -- B -- C	0.003020	0.000774	B -- C	0.004780	0.000974	A -- C	0.006800	0.001162	<nil>	0.985000	0.001719
3.4100	0.0002	0.0001	0.1369	0.9904	0.0096	C	0.000400	0.000283	A -- B -- C	0.002820	0.000748	B -- C	0.004980	0.000994	A -- C	0.006800	0.001162	<nil>	0.985000	0.001719
3.4200	0.0002	0.0001	0.1375	0.9906	0.0094	A -- B -- C	0.002763	0.000735	C	0.000552	0.000303	<nil>	0.985000	0.001719	A -- C	0.006654	0.001146	B -- C	0.005030	0.000990
3.4300	0.0004	0.0002	0.1381	0.9908	0.0092	A -- B -- C	0.002613	0.000720	C	0.000800	0.000400	<nil>	0.985000	0.001719	A -- C	0.006600	0.001145	B -- C	0.004987	0.000995
3.4400	0.0003	0.0002	0.1371	0.9908	0.0092	A -- B -- C	0.002708	0.000728	C	0.000691	0.000358	<nil>	0.985109	0.001710	A -- C	0.006492	0.001131	B -- C	0.005000	0.000998
3.4500	0.0003	0.0001	0.1361	0.9909	0.0091	A -- B -- C	0.002641	0.000721	C	0.000606	0.000320	<nil>	0.985200	0.001708	A -- C	0.006474	0.001130	B -- C	0.005079	0.001001
3.4600	0.0002	0.0001	0.1355	0.9908	0.0092	C	0.000526	0.000310	A -- B -- C	0.002825	0.000739	B -- C	0.005000	0.000998	A -- C	0.006375	0.001118	<nil>	0.985274	0.001701
3.4700	0.0003	0.0001	0.1350	0.9908	0.0092	A -- B -- C	0.003149	0.000788	C	0.000588	0.000339	<nil>	0.985400	0.001696	A -- C	0.006051	0.001093	B -- C	0.004812	0.000978
3.4800	0.0002	0.0001	0.1336	0.9908	0.0092	A -- B -- C	0.003200	0.000799	C	0.000544	0.000309	<nil>	0.985579	0.001685	A -- C	0.006000	0.001092	B -- C	0.004677	0.000960
3.4900	0.0003	0.0002	0.1327	0.9908	0.0092	A -- B -- C	0.003200	0.000799	C	0.000724	0.000361	<nil>	0.985760	0.001674	A -- C	0.006000	0.001092	B -- C	0.004316	0.000920
3.5000	0.0004	0.0002	0.1328	0.9908	0.0092	A -- B -- C	0.003200	0.000799	C	0.000907	0.000414	<nil>	0.985800	0.001673	A -- C	0.006000	0.001092	B -- C	0.004093	0.000897
3.5100	0.0004	0.0002	0.1324	0.9908	0.0092	A -- B -- C	0.003200	0.000799	C	0.000947	0.000426	<nil>	0.985853	0.001668	A -- C	0.006000	0.001092	B -- C	0.004000	0.000893
3.5200	0.0004	0.0002	0.1311	0.9908	0.0092	A -- B -- C	0.003200	0.000799	C	0.000860	0.000404	<nil>	0.986000	0.001662	A -- C	0.006000	0.001092	B -- C	0.003940	0.000881
3.5300	0.0004	0.0002	0.1307	0.9908	0.0092	A -- B -- C	0.003169	0.000792	C	0.000937	0.000423	<nil>	0.986063	0.001655	A -- C	0.006000	0.001092	B -- C	0.003831	0.000871
3.5400	0.0005	0.0002	0.1298	0.9910	0.0090	A -- B -- C	0.002953	0.000763	C	0.001041	0.000437	<nil>	0.986200	0.001650	A -- C	0.006000	0.001092	B -- C	0.003806	0.000857
3.5500	0.0005	0.0002	0.1299	0.9914	0.0086	A -- B -- C	0.002631	0.000717	C	0.001200	0.000490	<nil>	0.986200	0.001650	A -- C	0.006000	0.001092	B -- C	0.003969	0.000883
3.5600	0.0005	0.0002	0.1260	0.9916	0.0084	A -- B -- C	0.002400	0.000692	C	0.001118	0.000444	<nil>	0.986648	0.001617	A -- C	0.006000	0.001092	B -- C	0.003834	0.000859
3.5700	0.0006	0.0002	0.1252	0.9916	0.0084	A -- B -- C	0.002400	0.000692	C	0.001354	0.000513	<nil>	0.986800	0.001614	A -- C	0.006000	0.001092	B -- C	0.003446	0.000825
3.5800	0.0007	0.0002	0.1253	0.9916	0.0084	A -- B -- C	0.002400	0.000692	C	0.001479	0.000535	<nil>	0.986800	0.001614	A -- C	0.006000	0.001092	B -- C	0.003321	0.000808
3.5900	0.0006	0.0002	0.1236	0.9916	0.0084	A -- B -- C	0.002283	0.000668	C	0.001320	0.000499	<nil>	0.986969	0.001602	A -- C	0.006111	0.001098	B -- C	0.003317	0.000807
3.6000	0.0005	0.0002	0.1230	0.9916	0.0084	A -- B -- C	0.002200	0.000663	C	0.001200	0.000490	<nil>	0.987000	0.001602	A -- C	0.006200	0.001110	B -- C	0.003400	0.000823
3.6100	0.0005	0.0002	0.1230	0.9917	0.0083	A -- B -- C	0.002112	0.000642	C	0.001216	0.000490	<nil>	0.987000	0.001602	A -- C	0.006200	0.001110	B -- C	0.003472	0.000824
3.6200	0.0007	0.0002	0.1228	0.9920	0.0080	A -- B -- C	0.001858	0.000601	C	0.001509	0.000528	<nil>	0.987046	0.001597	A -- C	0.006185	0.001108	B -- C	0.003402	0.000810
3.6300	0.0007	0.0002	0.1205	0.9920	0.0080	A -- B -- C	0.002200	0.000663	C	0.001552	0.000542	<nil>	0.987400	0.001578	A -- C	0.005800	0.001074	B -- C	0.003048	0.000769
3.6400	0.0007	0.0003	0.1196	0.9922	0.0078	A -- B -- C	0.001993	0.000611	C	0.001686	0.000572	<nil>	0.987514	0.001567	A -- C	0.005767	0.001068	B -- C	0.003040	0.000766
3.6500	0.0007	0.0002	0.1190	0.9924	0.0076	A -- B -- C	0.002000	0.000632	C	0.001600	0.000565	<nil>	0.987600	0.001565	A -- C	0.005600	0.001055	B -- C	0.003200	0.000799
3.6600	0.0006	0.0002	0.1174	0.9926	0.0074	A -- B -- C	0.001801	0.000600	C	0.001449	0.000521	<nil>	0.987751	0.001550	A -- C	0.005600	0.001055	B -- C	0.003399	0.000823
3.6700	0.0004	0.0002	0.1132	0.9926	0.0074	A -- B -- C	0.001866	0.000603	C	0.001000	0.000447	<nil>	0.988200	0.001527	A -- C	0.005534	0.001045	B -- C	0.003400	0.000823
3.6800	0.0004	0.0002	0.1122	0.9926	0.0074	A -- B -- C	0.002146	0.000649	C	0.000860	0.000404	<nil>	0.988340	0.001516	A -- C	0.005254	0.001019	B -- C	0.003400	0.000823
3.6900	0.0004	0.0002	0.1115	0.9927	0.0073	A -- B -- C	0.002083	0.000637	C	0.000800	0.000400	<nil>	0.988400	0.001514	A -- C	0.005200	0.001017	B -- C	0.003517	0.000831
3.7000	0.0003	0.0002	0.1099	0.9928	0.0072	A -- B -- C	0.002000	0.000632	C	0.000714	0.000357	<nil>	0.988567	0.001502	A -- C	0.005200	0.001017	B -- C	0.003519	0.000832
3.7100	0.0004	0.0002	0.1100	0.9929	0.0071	A -- B -- C	0.001961	0.000611	C	0.000973	0.000436	<nil>	0.988624	0.001499	A -- C	0.005104	0.001003	B -- C	0.003338	0.000810
3.7200	0.0003	0.0002	0.1065	0.9931	0.0069	A -- B -- C	0.001900	0.000608	C	0.000629	0.000348	<nil>	0.988971	0.001475	A -- C	0.005000	0.000998	B -- C	0.003500	0.000829
3.7300	0.0003	0.0001	0.1060	0.9930	0.0070	A -- B -- C	0.001800	0.000600	C	0.000608	0.000329	<nil>	0.989000	0.001475	A -- C	0.005154	0.001009	B -- C	0.003438	0.000824
3.7400	0.0003	0.0001	0.1056	0.9930	0.0070	A -- B -- C	0.002000	0.000632	C	0.000633	0.000327	<nil>	0.989082	0.001466	A -- C	0.005000	0.000998	B -- C	0.003285	0.000803
3.7500	0.0003	0.0002	0.1046	0.9930	0.0070	A -- B -- C	0.002000	0.000632	C	0.000600	0.000346	<nil>	0.989200	0.001462	A -- C	0.005000	0.000998	B -- C	0.003200	0.000799
3.7600	0.0003	0.0001	0.1034	0.9931	0.0069	A -- B -- C	0.001864	0.000603	C	0.000681	0.000320	<nil>	0.989353	0.001449	A -- C	0.005000	0.000998	B -- C	0.003102	0.000768
3.7700	0.0006	0.0002	0.1040	0.9932	0.0068	A -- B -- C	0.001800	0.000600	C	0.001365	0.000516	<nil>	0.989400	0.001448	A -- C	0.005000	0.000998	B -- C	0.002435	0.000692
3.7800	0.0006	0.0002	0.1036	0.9934	0.0066	A -- B -- C	0.001635	0.000566	C	0.001371	0.000519	<nil>	0.989429	0.001445	A -- C	0.005000	0.000998	B -- C	0.002565	0.000711
3.7900	0.0005	0.0002	0.1019	0.9935	0.0065	A -- B -- C	0.001534	0.000546	C	0.001200	0.000490	<nil>	0.989600	0.001435	A -- C	0.005000	0.000998	B -- C	0.002666	0.000723
3.8000	0.0005	0.0002	0.1018	0.9936	0.0064	A -- B -- C	0.001400	0.000529	C	0.001200	0.000490	<nil>	0.989600	0.001435	A -- C	0.005000	0.000998	B -- C	0.002800	0.000747
3.8100	0.0005	0.0002	0.1018	0.9936	0.0064	A -- B -- C	0.001400	0.000529	C	0.001200	0.000490	<nil>	0.989600	0.001435	A -- C	0.005000	0.000998	B -- C	0.002800	0.000747
3.8200	0.0005	0.0002	0.1018	0.9936	0.0064	A -- B -- C	0.001400	0.000529	C	0.001200	0.000490	<nil>	0.989600	0.001435	A -- C	0.005000	0.000998	B -- C	0.002800	0.000747
3.8300	0.0005	0.0002	0.1018	0.9936	0.0064	A -- B -- C	0.001400	0.000529	C	0.001200	0.000490	<nil>	0.989600	0.001435	A -- C	0.005000	0.000998	B -- C	0.002800	0.000747
3.8400	0.0005	0.0002	0.1012	0.9936	0.0064	A -- B -- C	0.001400	0.000529	C	0.001139	0.000468	<nil>	0.989661	0.001428	A -- C	0.005000	0.000998	B -- C	0.002800	0.000747
3.8500	0.0004	0.0002	0.0991	0.9936	0.0064	B -- C	0.002800	0.000747	C	0.000919	0.000417	<nil>	0.989881	0.001412	A -- C	0.004985	0.000995	A -- B -- C	0.001415	0.000529
3.8600	0.0004	0.0002	0.0984	0.9936	0.0064	B -- C	0.002640	0.000721	C	0.000960	0.000431	<nil>	0.990000	0.001407	A -- C	0.004800	0.000978	A -- B -- C	0.001600	0.000565
3.8700	0.0004	0.0002	0.0985	0.9936	0.0064	B -- C	0.002600	0.000720	C	0.001000	0.000447	<nil>	0.990000	0.001407	A -- C	0.004800	0.000978	A -- B -- C	0.001600	0.000565
3.8800	0.0005	0.0002	0.0974	0.9936	0.0064	B -- C	0.002283	0.000665	C	0.001169	0.000473	<nil>	0.990148	0.001394	A -- C	0.004800	0.000978	A -- B -- C	0.001600	0.000565
3.8900	0.0005	0.0002	0.0969	0.9937	0.0063	B -- C	0.002284	0.000667	C	0.001207	0.000490	<nil>	0.990200	0.001393	A -- C	0.004800	0.000978	A -- B -- C	0.001509	0.000540
3.9000	0.0006	0.0002	0.0954	0.9938	0.0062	B -- C	0.002007	0.000632	C	0.001415	0.000525	<nil>	0.990378	0.001379	A -- C	0.004800	0.000978	A -- B -- C	0.001400	0.000529
3.9100	0.0006	0.0002	0.0934	0.9938	0.0062	B -- C	0.001800	0.000600	C	0.001400	0.000529	<nil>	0.990600	0.001365	A -- C	0.004800	0.000978	A -- B -- C	0.001400	0.000529
3.9200	0.0006	0.0002	0.0934	0.9938	0.0062	B -- C	0.001800	0.000600	C	0.001400	0.000529	<nil>	0.990600	0.001365	A -- C	0.004800	0.000978	A -- B -- C	0.001400	0.000529
3.9300	0.0006	0.0002	0.0934	0.9938	0.0062	B -- C	0.001800	0.000600	C	0.001400	0.000529	<nil>	0.990600	0.001365	A -- C	0.004800	0.000978	A -- B -- C	0.001400	0.000529
3.9400	0.0005	0.0002	0.0916	0.9938	0.0062	B -- C	0.001800	0.000600	C	0.001210	0.000490	<nil>	0.990790	0.001350	A -- C	0.004800	0.000978	A -- B -- C	0.001400	0.000529
3.9500	0.0005	0.0002	0.0915	0.9940	0.0060	B -- C	0.001950	0.000618	C	0.001200	0.000490	<nil>	0.990800	0.001350	A -- C	0.004761	0.000970	A -- B -- C	0.001289	0.000494
3.9600	0.0005	0.0002	0.0901	0.9941	0.0059	B -- C	0.002090	0.000638	C	0.001033	0.000448	<nil>	0.990967	0.001336	A -- C	0.004600	0.000957	A -- B -- C	0.001310	0.000502
3.9700	0.0004	0.0002	0.0889	0.9942	0.0058	C	0.000922	0.000418	B -- C	0.002200	0.000663	A -- B -- C	0.001200	0.000490	A -- C	0.004600	0.000957	<nil>	0.991078	0.001326
3.9800	0.0004	0.0002	0.0876	0.9942	0.0058	C	0.000800	0.000400	B -- C	0.002235	0.000664	A -- B -- C	0.001165	0.000476	A -- C	0.004600	0.000957	<nil>	0.991200	0.001321
3.9900	0.0004	0.0002	0.0874	0.9944	0.0056	C	0.000800	0.000400	A -- B -- C	0.001000	0.000447	B -- C	0.002400	0.000692	A -- C	0.004600	0.000957	<nil>	0.991200	0.001321
4.0000	0.0004	0.0002	0.0877	0.9944	0.0056	C	0.000800	0.000400	A -- B -- C	0.001137	0.000467	B -- C	0.002400	0.000692	A -- C	0.004463	0.000938	<nil>	0.991200	0.001321
4.0100	0.0003	0.0002	0.0859	0.9944	0.0056	C	0.000616	0.000347	A -- B -- C	0.001200	0.000490	B -- C	0.002400	0.000692	A -- C	0.004400	0.000936	<nil>	0.991384	0.001306
4.0200	0.0003	0.0002	0.0852	0.9946	0.0054	A -- B -- C	0.001026	0.000448	C	0.000727	0.000368	<nil>	0.991470	0.001297	A -- C	0.004400	0.000936	B -- C	0.002376	0.000685
4.0300	0.0003	0.0002	0.0838	0.9946	0.0054	A -- B -- C	0.001000	0.000447	C	0.000600	0.000346	<nil>	0.991600	0.001291	A -- C	0.004400	0.000936	B -- C	0.002400	0.000692
4.0400	0.0003	0.0002	0.0838	0.9946	0.0054	A -- B -- C	0.001000	0.000447	C	0.000600	0.000346	<nil>	0.991600	0.001291	A -- C	0.004400	0.000936	B -- C	0.002400	0.000692
4.0500	0.0003	0.0002	0.0836	0.9948	0.0052	A -- B -- C	0.000846	0.000402	C	0.000600	0.000346	<nil>	0.991600	0.001291	A -- C	0.004400	0.000936	B -- C	0.002554	0.000709
4.0600	0.0003	0.0002	0.0838	0.9948	0.0052	A -- B -- C	0.000800	0.000400	C	0.000749	0.000377	<nil>	0.991600	0.001291	A -- C	0.004400	0.000936	B -- C	0.002451	0.000694
4.0700	0.0004	0.0002	0.0843	0.9949	0.0051	A -- B -- C	0.000950	0.000421	C	0.000800	0.000400	<nil>	0.991600	0.001291	A -- C	0.004145	0.000898	B -- C	0.002504	0.000700
4.0800	0.0004	0.0002	0.0847	0.9950	0.0050	A -- B -- C	0.001000	0.000447	C	0.000940	0.000423	<nil>	0.991600	0.001291	A -- C	0.004000	0.000893	B -- C	0.002460	0.000695
4.0900	0.0004	0.0002	0.0846	0.9950	0.0050	A -- B -- C	0.001237	0.000480	C	0.000977	0.000426	<nil>	0.991659	0.001283	A -- C	0.003763	0.000856	B -- C	0.002364	0.000683
4.1000	0.0004	0.0002	0.0837	0.9950	0.0050	A -- B -- C	0.001400	0.000529	C	0.001000	0.000447	<nil>	0.991800	0.001275	A -- C	0.003600	0.000847	B -- C	0.002200	0.000663
4.1100	0.0005	0.0002	0.0838	0.9950	0.0050	A -- B -- C	0.001478	0.000535	C	0.001070	0.000452	<nil>	0.991800	0.001275	A -- C	0.003522	0.000832	B -- C	0.002130	0.000645
4.1200	0.0005	0.0002	0.0841	0.9950	0.0050	A -- B -- C	0.001600	0.000565	C	0.001200	0.000490	<nil>	0.991800	0.001275	A -- C	0.003400	0.000823	B -- C	0.002000	0.000632
4.1300	0.0005	0.0002	0.0842	0.9950	0.0050	A -- B -- C	0.001699	0.000574	C	0.001200	0.000490	<nil>	0.991800	0.001275	A -- C	0.003301	0.000805	B -- C	0.002000	0.000632
4.1400	0.0005	0.0002	0.0834	0.9950	0.0050	A -- B -- C	0.001800	0.000600	C	0.001238	0.000478	<nil>	0.991899	0.001264	A -- C	0.003200	0.000799	B -- C	0.001863	0.000603
4.1500	0.0005	0.0002	0.0825	0.9950	0.0050	A -- B -- C	0.001796	0.000598	C	0.001200	0.000490	<nil>	0.992000	0.001260	A -- C	0.003200	0.000799	B -- C	0.001804	0.000600
4.1600	0.0005	0.0002	0.0825	0.9952	0.0048	A -- B -- C	0.001600	0.000565	C	0.001200	0.000490	<nil>	0.992000	0.001260	A -- C	0.003200	0.000799	B -- C	0.002000	0.000632
4.1700	0.0005	0.0002	0.0822	0.9953	0.0047	A -- B -- C	0.001461	0.000532	C	0.001176	0.000480	<nil>	0.992024	0.001256	A -- C	0.003200	0.000799	B -- C	0.002139	0.000647
4.1800	0.0005	0.0002	0.0804	0.9954	0.0046	A -- B -- C	0.001400	0.000529	C	0.001041	0.000449	<nil>	0.992200	0.001244	A -- C	0.003200	0.000799	B -- C	0.002159	0.000651
4.1900	0.0005	0.0002	0.0807	0.9954	0.0046	A -- B -- C	0.001484	0.000535	C	0.001200	0.000490	<nil>	0.992200	0.001244	A -- C	0.003116	0.000782	B -- C	0.002000	0.000632
4.2000	0.0005	0.0002	0.0803	0.9954	0.0046	A -- B -- C	0.001600	0.000565	C	0.001149	0.000471	<nil>	0.992251	0.001237	A -- C	0.003000	0.000774	B -- C	0.002000	0.000632
4.2100	0.0004	0.0002	0.0788	0.9954	0.0046	A -- B -- C	0.001600	0.000565	C	0.001020	0.000447	<nil>	0.992400	0.001228	A -- C	0.003000	0.000774	B -- C	0.001980	0.000626
4.2200	0.0005	0.0002	0.0774	0.9955	0.0045	A -- B -- C	0.001540	0.000547	C	0.001142	0.000462	<nil>	0.992570	0.001212	A -- C	0.003000	0.000774	B -- C	0.001748	0.000575
4.2300	0.0005	0.0002	0.0771	0.9956	0.0044	A -- B -- C	0.001400	0.000529	C	0.001200	0.000490	<nil>	0.992600	0.001212	A -- C	0.003000	0.000774	B -- C	0.001800	0.000600
4.2400	0.0006	0.0002	0.0772	0.9956	0.0044	A -- B -- C	0.001400	0.000529	C	0.001327	0.000506	<nil>	0.992600	0.001212	A -- C	0.003000	0.000774	B -- C	0.001673	0.000570
4.2500	0.0006	0.0002	0.0772	0.9956	0.0044	A -- B -- C	0.001374	0.000519	C	0.001400	0.000529	<nil>	0.992600	0.001212	A -- C	0.003000	0.000774	B -- C	0.001626	0.000566
4.2600	0.0006	0.0002	0.0758	0.9959	0.0041	A -- B -- C	0.001088	0.000456	C	0.001275	0.000495	<nil>	0.992725	0.001198	A -- C	0.003000	0.000774	B -- C	0.001912	0.000610
4.2700	0.0005	0.0002	0.0732	0.9961	0.0039	A -- B -- C	0.001033	0.000448	C	0.001034	0.000448	<nil>	0.993000	0.001179	A -- C	0.002881	0.000752	B -- C	0.002052	0.000628
4.2800	0.0005	0.0002	0.0733	0.9962	0.0038	A -- B -- C	0.001000	0.000447	C	0.001200	0.000490	<nil>	0.993000	0.001179	A -- C	0.002800	0.000747	B -- C	0.002000	0.000632
4.2900	0.0005	0.0002	0.0733	0.9962	0.0038	A -- B -- C	0.001000	0.000447	C	0.001200	0.000490	<nil>	0.993000	0.001179	A -- C	0.002800	0.000747	B -- C	0.002000	0.000632
4.3000	0.0005	0.0002	0.0732	0.9961	0.0039	A -- B -- C	0.000986	0.000441	C	0.001113	0.000461	<nil>	0.993000	0.001179	A -- C	0.002887	0.000752	B -- C	0.002014	0.000632
4.3100	0.0004	0.0002	0.0731	0.9962	0.0038	C	0.001000	0.000447	A -- B -- C	0.000930	0.000420	B -- C	0.002200	0.000663	A -- C	0.002870	0.000751	<nil>	0.993000	0.001179
4.3200	0.0004	0.0002	0.0732	0.9962	0.0038	C	0.001000	0.000447	A -- B -- C	0.001000	0.000447	B -- C	0.002200	0.000663	A -- C	0.002800	0.000747	<nil>	0.993000	0.001179
4.3300	0.0004	0.0002	0.0732	0.9962	0.0038	C	0.001000	0.000447	A -- B -- C	0.001000	0.000447	B -- C	0.002200	0.000663	A -- C	0.002800	0.000747	<nil>	0.993000	0.001179
4.3400	0.0004	0.0002	0.0732	0.9962	0.0038	C	0.001000	0.000447	A -- B -- C	0.001000	0.000447	B -- C	0.002200	0.000663	A -- C	0.002800	0.000747	<nil>	0.993000	0.001179
4.3500	0.0005	0.0002	0.0724	0.9962	0.0038	A -- B -- C	0.001000	0.000447	C	0.001116	0.000443	<nil>	0.993100	0.001166	A -- C	0.002800	0.000747	B -- C	0.001984	0.000616
4.3600	0.0005	0.0002	0.0715	0.9962	0.0038	A -- B -- C	0.001000	0.000447	C	0.001200	0.000490	<nil>	0.993200	0.001162	A -- C	0.002800	0.000747	B -- C	0.001800	0.000600
4.3700	0.0005	0.0002	0.0715	0.9962	0.0038	A -- B -- C	0.001000	0.000447	C	0.001200	0.000490	<nil>	0.993200	0.001162	A -- C	0.002800	0.000747	B -- C	0.001800	0.000600
4.3800	0.0005	0.0002	0.0715	0.9962	0.0038	A -- B -- C	0.001000	0.000447	C	0.001200	0.000490	<nil>	0.993200	0.001162	A -- C	0.002800	0.000747	B -- C	0.001800	0.000600
4.3900	0.0005	0.0002	0.0710	0.9964	0.0036	A -- B -- C	0.000826	0.000401	C	0.001165	0.000477	<nil>	0.993235	0.001157	A -- C	0.002800	0.000747	B -- C	0.001974	0.000624
4.4000	0.0004	0.0002	0.0694	0.9964	0.0036	A -- B -- C	0.000800	0.000400	C	0.001000	0.000447	<nil>	0.993400	0.001145	A -- C	0.002800	0.000747	B -- C	0.002000	0.000632
4.4100	0.0005	0.0002	0.0695	0.9964	0.0036	A -- B -- C	0.000800	0.000400	C	0.001127	0.000465	<nil>	0.993400	0.001145	A -- C	0.002800	0.000747	B -- C	0.001873	0.000604
4.4200	0.0005	0.0002	0.0695	0.9964	0.0036	A -- B -- C	0.000800	0.000400	C	0.001200	0.000490	<nil>	0.993400	0.001145	A -- C	0.002800	0.000747	B -- C	0.001800	0.000600
4.4300	0.0006	0.0002	0.0696	0.9964	0.0036	A -- B -- C	0.000800	0.000400	A -- C	0.002800	0.000747	<nil>	0.993400	0.001145	B -- C	0.001657	0.000568	C	0.001343	0.000510
4.4400	0.0007	0.0002	0.0695	0.9965	0.0035	A -- B -- C	0.000694	0.000359	A -- C	0.002800	0.000747	<nil>	0.993400	0.001145	C	0.001574	0.000557	B -- C	0.001531	0.000540
4.4500	0.0007	0.0002	0.0694	0.9966	0.0034	B -- C	0.001546	0.000549	A -- B -- C	0.000600	0.000346	<nil>	0.993400	0.001145	A -- C	0.002800	0.000747	C	0.001654	0.000568
4.4600	0.0007	0.0002	0.0671	0.9966	0.0034	B -- C	0.001400	0.000529	A -- B -- C	0.000763	0.000383	<nil>	0.993684	0.001115	A -- C	0.002637	0.000721	C	0.001516	0.000539
4.4700	0.0006	0.0002	0.0657	0.9966	0.0034	C	0.001364	0.000516	A -- B -- C	0.000800	0.000400	<nil>	0.993836	0.001104	A -- C	0.002600	0.000720	B -- C	0.001400	0.000529
4.4800	0.0004	0.0002	0.0621	0.9966	0.0034	A -- B -- C	0.000800	0.000400	C	0.001000	0.000447	<nil>	0.994200	0.001074	A -- C	0.002600	0.000720	B -- C	0.001400	0.000529
4.4900	0.0004	0.0002	0.0603	0.9966	0.0034	A -- B -- C	0.000800	0.000400	C	0.000813	0.000394	<nil>	0.994387	0.001053	A -- C	0.002600	0.000720	B -- C	0.001400	0.000529
4.5000	0.0003	0.0002	0.0580	0.9966	0.0034	A -- B -- C	0.000800	0.000400	C	0.000600	0.000346	<nil>	0.994600	0.001037	A -- C	0.002600	0.000720	B -- C	0.001400	0.000529
4.5100	0.0003	0.0002	0.0581	0.9966	0.0034	C	0.000645	0.000349	A -- B -- C	0.000800	0.000400	<nil>	0.994600	0.001037	A -- C	0.002600	0.000720	B -- C	0.001355	0.000513
4.5200	0.0004	0.0002	0.0582	0.9966	0.0034	B -- C	0.001200	0.000490	A -- B -- C	0.000800	0.000400	<nil>	0.994600	0.001037	A -- C	0.002600	0.000720	C	0.000800	0.000400
4.5300	0.0004	0.0002	0.0579	0.9966	0.0034	B -- C	0.001152	0.000472	A -- B -- C	0.000800	0.000400	<nil>	0.994635	0.001030	A -- C	0.002600	0.000720	C	0.000813	0.000386
4.5400	0.0004	0.0002	0.0562	0.9966	0.0034	B -- C	0.001000	0.000447	A -- B -- C	0.000800	0.000400	<nil>	0.994800	0.001017	A -- C	0.002600	0.000720	C	0.000800	0.000400
4.5500	0.0004	0.0002	0.0562	0.9966	0.0034	B -- C	0.001000	0.000447	A -- B -- C	0.000800	0.000400	<nil>	0.994800	0.001017	A -- C	0.002600	0.000720	C	0.000800	0.000400
4.5600	0.0004	0.0002	0.0562	0.9966	0.0034	B -- C	0.001000	0.000447	A -- B -- C	0.000800	0.000400	<nil>	0.994802	0.001017	A -- C	0.002600	0.000720	C	0.000798	0.000399
4.5700	0.0002	0.0001	0.0529	0.9967	0.0033	B -- C	0.001138	0.000468	A -- B -- C	0.000662	0.000352	<nil>	0.995104	0.000982	A -- C	0.002600	0.000720	C	0.000496	0.000299
4.5800	0.0002	0.0001	0.0518	0.9968	0.0032	A -- B -- C	0.000600	0.000346	C	0.000400	0.000283	<nil>	0.995200	0.000978	A -- C	0.002600	0.000720	B -- C	0.001200	0.000490
4.5900	0.0002	0.0001	0.0518	0.9968	0.0032	A -- B -- C	0.000600	0.000346	C	0.000400	0.000283	<nil>	0.995200	0.000978	A -- C	0.002600	0.000720	B -- C	0.001200	0.000490
4.6000	0.0002	0.0001	0.0519	0.9968	0.0032	A -- B -- C	0.000600	0.000346	C	0.000430	0.000284	<nil>	0.995200	0.000978	A -- C	0.002600	0.000720	B -- C	0.001170	0.000478
4.6100	0.0003	0.0002	0.0523	0.9968	0.0032	A -- B -- C	0.000739	0.000373	C	0.000600	0.000346	<nil>	0.995200	0.000978	A -- C	0.002461	0.000695	B -- C	0.001000	0.000447
4.6200	0.0003	0.0002	0.0525	0.9968	0.0032	A -- B -- C	0.000886	0.000409	C	0.000600	0.000346	<nil>	0.995200	0.000978	A -- C	0.002314	0.000672	B -- C	0.001000	0.000447
4.6300	0.0003	0.0002	0.0527	0.9968	0.0032	A -- B -- C	0.001000	0.000447	C	0.000600	0.000346	<nil>	0.995200	0.000978	A -- C	0.002200	0.000663	B -- C	0.001000	0.000447
4.6400	0.0002	0.0001	0.0514	0.9968	0.0032	A -- B -- C	0.001000	0.000447	C	0.000477	0.000293	<nil>	0.995323	0.000960	A -- C	0.002200	0.000663	B -- C	0.001000	0.000447
4.6500	0.0001	0.0001	0.0487	0.9968	0.0032	C	0.000245	0.000205	A -- B -- C	0.001000	0.000447	B -- C	0.001000	0.000447	A -- C	0.002200	0.000663	<nil>	0.995555	0.000937
4.6600	0.0001	0.0001	0.0482	0.9968	0.0032	C	0.000200	0.000200	A -- B -- C	0.001045	0.000449	B -- C	0.001000	0.000447	A -- C	0.002155	0.000651	<nil>	0.995600	0.000936
4.6700	0.0000	0.0000	0.0470	0.9968	0.0032	C	0.000093	0.000093	A -- B -- C	0.001200	0.000490	B -- C	0.001000	0.000447	A -- C	0.002000	0.000632	<nil>	0.995707	0.000919
4.6800	0.0000	0.0000	0.0456	0.9968	0.0032	<nil>	0.995800	0.000915	A -- C	0.002000	0.000632	B -- C	0.001000	0.000447	A -- B -- C	0.001200	0.000490
4.6900	0.0000	0.0000	0.0457	0.9968	0.0032	<nil>	0.995800	0.000915	A -- C	0.001848	0.000601	B -- C	0.001000	0.000447	A -- B -- C	0.001352	0.000513
4.7000	0.0000	0.0000	0.0457	0.9968	0.0032	<nil>	0.995800	0.000915	A -- C	0.001800	0.000600	B -- C	0.001000	0.000447	A -- B -- C	0.001400	0.000529
4.7100	0.0000	0.0000	0.0457	0.9968	0.0032	<nil>	0.995800	0.000915	A -- C	0.001800	0.000600	B -- C	0.001000	0.000447	A -- B -- C	0.001400	0.000529
4.7200	0.0000	0.0000	0.0457	0.9968	0.0032	<nil>	0.995800	0.000915	A -- C	0.001800	0.000600	B -- C	0.001000	0.000447	A -- B -- C	0.001400	0.000529
4.7300	0.0000	0.0000	0.0457	0.9968	0.0032	<nil>	0.995800	0.000915	A -- C	0.001633	0.000566	B -- C	0.001000	0.000447	A -- B -- C	0.001567	0.000554
4.7400	0.0000	0.0000	0.0457	0.9968	0.0032	<nil>	0.995800	0.000915	A -- C	0.001600	0.000565	B -- C	0.001000	0.000447	A -- B -- C	0.001600	0.000565
4.7500	0.0000	0.0000	0.0457	0.9968	0.0032	<nil>	0.995800	0.000915	A -- C	0.001600	0.000565	B -- C	0.001006	0.000447	A -- B -- C	0.001594	0.000563
4.7600	0.0000	0.0000	0.0458	0.9971	0.0029	<nil>	0.995800	0.000915	A -- C	0.001600	0.000565	B -- C	0.001308	0.000501	A -- B -- C	0.001292	0.000498
4.7700	0.0001	0.0001	0.0465	0.9972	0.0028	C	0.000135	0.000135	A -- B -- C	0.001200	0.000490	B -- C	0.001265	0.000494	A -- C	0.001600	0.000565	<nil>	0.995800	0.000915
4.7800	0.0001	0.0001	0.0467	0.9972	0.0028	C	0.000200	0.000200	A -- B -- C	0.001200	0.000490	B -- C	0.001200	0.000490	A -- C	0.001600	0.000565	<nil>	0.995800	0.000915
4.7900	0.0001	0.0001	0.0467	0.9972	0.0028	C	0.000200	0.000200	A -- B -- C	0.001200	0.000490	B -- C	0.001200	0.000490	A -- C	0.001600	0.000565	<nil>	0.995800	0.000915
4.8000	0.0001	0.0001	0.0467	0.9972	0.0028	C	0.000200	0.000200	A -- B -- C	0.001200	0.000490	B -- C	0.001200	0.000490	A -- C	0.001600	0.000565	<nil>	0.995800	0.000915
4.8100	0.0000	0.0000	0.0444	0.9972	0.0028	C	0.000027	0.000027	A -- B -- C	0.001200	0.000490	B -- C	0.001200	0.000490	A -- C	0.001600	0.000565	<nil>	0.995973	0.000893
4.8200	0.0000	0.0000	0.0439	0.9972	0.0028	<nil>	0.996000	0.000893	A -- C	0.001600	0.000565	B -- C	0.001200	0.000490	A -- B -- C	0.001200	0.000490
4.8300	0.0000	0.0000	0.0442	0.9972	0.0028	C	0.000043	0.000043	A -- B -- C	0.001196	0.000488	<nil>	0.996000	0.000893	A -- C	0.001600	0.000565	B -- C	0.001161	0.000474
4.8400	0.0001	0.0001	0.0447	0.9974	0.0026	B -- C	0.001200	0.000490	A -- B -- C	0.001000	0.000447	<nil>	0.996000	0.000893	A -- C	0.001600	0.000565	C	0.000200	0.000200
4.8500	0.0001	0.0001	0.0447	0.9974	0.0026	B -- C	0.001200	0.000490	A -- B -- C	0.001000	0.000447	<nil>	0.996000	0.000893	A -- C	0.001600	0.000565	C	0.000200	0.000200
4.8600	0.0001	0.0001	0.0447	0.9974	0.0026	B -- C	0.001200	0.000490	A -- B -- C	0.001000	0.000447	<nil>	0.996000	0.000893	A -- C	0.001600	0.000565	C	0.000200	0.000200
4.8700	0.0001	0.0001	0.0446	0.9975	0.0025	B -- C	0.001308	0.000501	A -- B -- C	0.000892	0.000410	<nil>	0.996000	0.000893	A -- C	0.001600	0.000565	C	0.000200	0.000200
4.8800	0.0001	0.0001	0.0446	0.9976	0.0024	B -- C	0.001400	0.000529	A -- B -- C	0.000800	0.000400	<nil>	0.996000	0.000893	A -- C	0.001600	0.000565	C	0.000200	0.000200
4.8900	0.0001	0.0001	0.0446	0.9976	0.0024	B -- C	0.001400	0.000529	A -- B -- C	0.000800	0.000400	<nil>	0.996000	0.000893	A -- C	0.001600	0.000565	C	0.000200	0.000200
4.9000	0.0001	0.0001	0.0446	0.9976	0.0024	B -- C	0.001400	0.000529	A -- B -- C	0.000800	0.000400	<nil>	0.996000	0.000893	A -- C	0.001600	0.000565	C	0.000200	0.000200
4.9100	0.0001	0.0001	0.0446	0.9976	0.0024	B -- C	0.001400	0.000529	A -- B -- C	0.000800	0.000400	<nil>	0.996000	0.000893	A -- C	0.001600	0.000565	C	0.000200	0.000200
4.9200	0.0001	0.0001	0.0446	0.9976	0.0024	B -- C	0.001400	0.000529	A -- B -- C	0.000828	0.000401	<nil>	0.996000	0.000893	A -- C	0.001572	0.000556	C	0.000200	0.000200
4.9300	0.0001	0.0001	0.0447	0.9976	0.0024	B -- C	0.001400	0.000529	A -- B -- C	0.001000	0.000447	<nil>	0.996000	0.000893	A -- C	0.001400	0.000529	C	0.000200	0.000200
4.9400	0.0002	0.0001	0.0451	0.9976	0.0024	B -- C	0.001209	0.000490	A -- B -- C	0.001000	0.000447	<nil>	0.996000	0.000893	A -- C	0.001400	0.000529	C	0.000391	0.000277
4.9500	0.0002	0.0001	0.0452	0.9976	0.0024	B -- C	0.001200	0.000490	A -- B -- C	0.001000	0.000447	<nil>	0.996000	0.000893	A -- C	0.001400	0.000529	C	0.000400	0.000283
4.9600	0.0002	0.0001	0.0452	0.9976	0.0024	B -- C	0.001189	0.000485	A -- B -- C	0.001066	0.000452	<nil>	0.996000	0.000893	A -- C	0.001334	0.000508	C	0.000411	0.000283
4.9700	0.0003	0.0002	0.0454	0.9977	0.0023	B -- C	0.001138	0.000468	A -- B -- C	0.001062	0.000451	<nil>	0.996000	0.000893	A -- C	0.001200	0.000490	C	0.000600	0.000346
4.9800	0.0003	0.0002	0.0456	0.9978	0.0022	B -- C	0.001032	0.000448	A -- B -- C	0.001000	0.000447	<nil>	0.996000	0.000893	A -- C	0.001200	0.000490	C	0.000768	0.000385
