Time	TH	ErrTH	H	Prob[C]	ErrProb[C]	Prob[A--B--C]	ErrProb[A--B--C]	Prob[B--C]	ErrProb[B--C]	Prob[A--C]	ErrProb[A--C]	Prob[<nil>]	ErrProb[<nil>]	
0.0000	0.0001	0.0000	0.1444	0.000726	0.000206	0.980266	0.001599	0.019007	0.001549	0	0	0	0	
0.0100	0.0004	0.0001	0.3429	0.004451	0.000928	0.941810	0.003116	0.053740	0.002984	0	0	0	0	
0.0200	0.0004	0.0001	0.4806	0.004517	0.000943	0.904852	0.004002	0.090548	0.003908	0.000083	0.000083	0	0	
0.0300	0.0004	0.0001	0.5929	0.005247	0.000960	0.869411	0.004643	0.125141	0.004541	0.000200	0.000200	0	0	
0.0400	0.0011	0.0001	0.7157	0.013554	0.001538	0.835305	0.005139	0.150882	0.004920	0.000259	0.000209	0	0	
0.0500	0.0017	0.0002	0.8206	0.021662	0.001995	0.802536	0.005535	0.175264	0.005254	0.000537	0.000311	0	0	
0.0600	0.0023	0.0002	0.9071	0.028220	0.002298	0.771047	0.005856	0.199927	0.005558	0.000805	0.000400	0	0	
0.0700	0.0030	0.0002	0.9884	0.036975	0.002587	0.740863	0.006118	0.221100	0.005750	0.001062	0.000451	0	0	
0.0800	0.0038	0.0002	1.0645	0.047214	0.002948	0.711791	0.006332	0.239559	0.005933	0.001437	0.000524	0	0	
0.0900	0.0044	0.0003	1.1273	0.054601	0.003175	0.683848	0.006507	0.259629	0.006108	0.001725	0.000579	0.000197	0.000197	
0.1000	0.0049	0.0003	1.1795	0.060529	0.003339	0.657025	0.006648	0.279995	0.006264	0.002251	0.000649	0.000200	0.000200	
0.1100	0.0059	0.0003	1.2421	0.073566	0.003596	0.631300	0.006761	0.291929	0.006309	0.003005	0.000768	0.000200	0.000200	
0.1200	0.0072	0.0003	1.3039	0.089656	0.003977	0.606595	0.006851	0.299675	0.006381	0.003874	0.000851	0.000200	0.000200	
0.1300	0.0081	0.0003	1.3526	0.100873	0.004212	0.582850	0.006918	0.311166	0.006464	0.004748	0.000956	0.000363	0.000258	
0.1400	0.0088	0.0004	1.3911	0.109614	0.004383	0.560065	0.006967	0.324359	0.006548	0.005563	0.001029	0.000400	0.000283	
0.1500	0.0093	0.0004	1.4245	0.116444	0.004485	0.538187	0.007000	0.338211	0.006605	0.006758	0.001147	0.000400	0.000283	
0.1600	0.0110	0.0004	1.4741	0.137217	0.004799	0.517061	0.007019	0.337361	0.006589	0.007961	0.001240	0.000400	0.000283	
0.1700	0.0121	0.0004	1.5074	0.150559	0.005012	0.497112	0.007024	0.342991	0.006634	0.008938	0.001306	0.000400	0.000283	
0.1800	0.0128	0.0004	1.5347	0.159635	0.005141	0.477998	0.007019	0.351602	0.006682	0.010365	0.001399	0.000400	0.000283	
0.1900	0.0133	0.0004	1.5583	0.166575	0.005241	0.459346	0.007005	0.361626	0.006731	0.012053	0.001529	0.000400	0.000283	
0.2000	0.0139	0.0004	1.5770	0.172848	0.005318	0.441444	0.006980	0.371919	0.006773	0.013389	0.001604	0.000400	0.000283	
0.2100	0.0156	0.0004	1.6143	0.194902	0.005481	0.423877	0.006949	0.365059	0.006672	0.015763	0.001743	0.000400	0.000283	
0.2200	0.0174	0.0005	1.6430	0.216683	0.005781	0.407685	0.006910	0.357741	0.006703	0.017491	0.001837	0.000400	0.000283	
0.2300	0.0183	0.0005	1.6594	0.228001	0.005893	0.391713	0.006866	0.360976	0.006727	0.018909	0.001903	0.000400	0.000283	
0.2400	0.0189	0.0005	1.6774	0.235902	0.005972	0.376415	0.006815	0.365550	0.006753	0.021733	0.002044	0.000400	0.000283	
0.2500	0.0194	0.0005	1.6920	0.242608	0.006031	0.361526	0.006760	0.371228	0.006782	0.024177	0.002150	0.000460	0.000289	
0.2600	0.0198	0.0005	1.7034	0.247610	0.006083	0.347559	0.006700	0.377964	0.006809	0.026268	0.002250	0.000600	0.000346	
0.2700	0.0213	0.0005	1.7204	0.266111	0.006144	0.333894	0.006636	0.370812	0.006709	0.028583	0.002331	0.000600	0.000346	
0.2800	0.0233	0.0005	1.7368	0.290959	0.006365	0.321211	0.006572	0.356222	0.006692	0.031009	0.002436	0.000600	0.000346	
0.2900	0.0244	0.0005	1.7467	0.304946	0.006473	0.308521	0.006500	0.352439	0.006694	0.033494	0.002527	0.000600	0.000346	
0.3000	0.0250	0.0005	1.7549	0.311578	0.006520	0.296502	0.006427	0.354955	0.006718	0.036365	0.002620	0.000600	0.000346	
0.3100	0.0253	0.0005	1.7618	0.316335	0.006550	0.285519	0.006357	0.358344	0.006736	0.039202	0.002720	0.000600	0.000346	
0.3200	0.0257	0.0005	1.7674	0.320547	0.006575	0.274670	0.006282	0.362177	0.006754	0.042005	0.002816	0.000600	0.000346	
0.3300	0.0260	0.0005	1.7715	0.324337	0.006591	0.264782	0.006213	0.365760	0.006767	0.044521	0.002896	0.000600	0.000346	
0.3400	0.0274	0.0005	1.7801	0.342376	0.006626	0.254870	0.006136	0.353832	0.006659	0.048322	0.003014	0.000600	0.000346	
0.3500	0.0291	0.0005	1.7819	0.363376	0.006749	0.245156	0.006053	0.340072	0.006630	0.050795	0.003078	0.000600	0.000346	
0.3600	0.0300	0.0005	1.7841	0.374974	0.006806	0.236410	0.005981	0.334274	0.006614	0.053742	0.003170	0.000600	0.000346	
0.3700	0.0308	0.0005	1.7858	0.383761	0.006841	0.228289	0.005909	0.330659	0.006601	0.056691	0.003249	0.000600	0.000346	
0.3800	0.0314	0.0006	1.7874	0.391588	0.006869	0.219722	0.005830	0.328125	0.006590	0.059964	0.003341	0.000600	0.000346	
0.3900	0.0319	0.0006	1.7876	0.398602	0.006895	0.210882	0.005745	0.326885	0.006588	0.063030	0.003424	0.000600	0.000346	
0.4000	0.0323	0.0006	1.7896	0.403317	0.006909	0.202975	0.005665	0.326380	0.006593	0.066729	0.003505	0.000600	0.000346	
0.4100	0.0325	0.0006	1.7921	0.406156	0.006918	0.195961	0.005590	0.326833	0.006595	0.070450	0.003601	0.000600	0.000346	
0.4200	0.0338	0.0006	1.7875	0.421845	0.006911	0.188557	0.005506	0.315458	0.006483	0.073540	0.003674	0.000600	0.000346	
0.4300	0.0351	0.0006	1.7842	0.437554	0.006964	0.181296	0.005425	0.302294	0.006438	0.078256	0.003770	0.000600	0.000346	
0.4400	0.0358	0.0006	1.7822	0.446812	0.006992	0.174967	0.005347	0.295192	0.006402	0.082429	0.003868	0.000600	0.000346	
0.4500	0.0364	0.0006	1.7801	0.454032	0.007009	0.168834	0.005274	0.290588	0.006380	0.085839	0.003944	0.000708	0.000363	
0.4600	0.0368	0.0006	1.7813	0.458924	0.007015	0.163048	0.005202	0.287214	0.006360	0.089840	0.004022	0.000974	0.000436	
0.4700	0.0372	0.0006	1.7791	0.463656	0.007024	0.157443	0.005126	0.284676	0.006345	0.093225	0.004092	0.001000	0.000447	
0.4800	0.0375	0.0006	1.7762	0.467499	0.007030	0.152271	0.005058	0.283275	0.006340	0.095955	0.004144	0.001000	0.000447	
0.4900	0.0377	0.0006	1.7743	0.470369	0.007030	0.147763	0.004995	0.282279	0.006332	0.098552	0.004189	0.001038	0.000449	
0.5000	0.0378	0.0006	1.7772	0.471437	0.007035	0.143382	0.004936	0.281010	0.006328	0.102971	0.004277	0.001200	0.000490	
0.5100	0.0383	0.0006	1.7732	0.477378	0.007009	0.139687	0.004879	0.275794	0.006258	0.105941	0.004327	0.001200	0.000490	
0.5200	0.0394	0.0006	1.7624	0.492235	0.007014	0.135721	0.004824	0.260553	0.006145	0.110291	0.004406	0.001200	0.000490	
0.5300	0.0402	0.0006	1.7537	0.501618	0.007033	0.131156	0.004751	0.251873	0.006090	0.114153	0.004480	0.001200	0.000490	
0.5400	0.0407	0.0006	1.7468	0.508359	0.007030	0.126621	0.004683	0.245810	0.006047	0.118010	0.004536	0.001200	0.000490	
0.5500	0.0411	0.0006	1.7436	0.512477	0.007036	0.123225	0.004628	0.240701	0.006008	0.122396	0.004612	0.001200	0.000490	
0.5600	0.0414	0.0006	1.7377	0.517123	0.007037	0.119578	0.004567	0.236714	0.005975	0.125385	0.004664	0.001200	0.000490	
0.5700	0.0417	0.0006	1.7345	0.519841	0.007034	0.115609	0.004497	0.233583	0.005947	0.129767	0.004727	0.001200	0.000490	
0.5800	0.0419	0.0006	1.7302	0.522731	0.007033	0.111784	0.004437	0.230802	0.005924	0.133483	0.004789	0.001200	0.000490	
0.5900	0.0421	0.0006	1.7266	0.525325	0.007034	0.108367	0.004377	0.227604	0.005899	0.137504	0.004850	0.001200	0.000490	
0.6000	0.0422	0.0006	1.7252	0.526366	0.007032	0.105619	0.004325	0.225243	0.005877	0.141572	0.004906	0.001200	0.000490	
0.6100	0.0422	0.0006	1.7256	0.526327	0.007035	0.102142	0.004263	0.223749	0.005868	0.146430	0.004975	0.001352	0.000513	
0.6200	0.0421	0.0006	1.7259	0.525710	0.007037	0.099007	0.004207	0.222710	0.005856	0.151173	0.005050	0.001400	0.000529	
0.6300	0.0426	0.0006	1.7178	0.531127	0.007007	0.095943	0.004145	0.215836	0.005763	0.155693	0.005103	0.001400	0.000529	
0.6400	0.0434	0.0006	1.7025	0.541487	0.007008	0.093440	0.004098	0.203882	0.005650	0.159792	0.005167	0.001400	0.000529	
0.6500	0.0438	0.0006	1.6934	0.547090	0.007009	0.091494	0.004059	0.196563	0.005582	0.163453	0.005214	0.001400	0.000529	
0.6600	0.0442	0.0006	1.6856	0.551409	0.007005	0.089557	0.004017	0.190909	0.005525	0.166725	0.005253	0.001400	0.000529	
0.6700	0.0444	0.0006	1.6802	0.553599	0.006997	0.087170	0.003970	0.186852	0.005482	0.170979	0.005297	0.001400	0.000529	
0.6800	0.0445	0.0006	1.6768	0.554802	0.006998	0.085421	0.003934	0.183154	0.005439	0.175223	0.005355	0.001400	0.000529	
0.6900	0.0445	0.0006	1.6738	0.555909	0.007000	0.084196	0.003902	0.180198	0.005406	0.178297	0.005390	0.001400	0.000529	
0.7000	0.0446	0.0006	1.6714	0.556399	0.006999	0.082798	0.003873	0.177619	0.005379	0.181784	0.005427	0.001400	0.000529	
0.7100	0.0446	0.0006	1.6706	0.556189	0.007002	0.081890	0.003858	0.175303	0.005353	0.185218	0.005472	0.001400	0.000529	
0.7200	0.0446	0.0006	1.6705	0.556081	0.007004	0.080779	0.003829	0.173520	0.005331	0.188046	0.005505	0.001575	0.000557	
0.7300	0.0444	0.0006	1.6722	0.554552	0.007003	0.080291	0.003816	0.171627	0.005307	0.191930	0.005541	0.001600	0.000565	
0.7400	0.0444	0.0006	1.6726	0.553745	0.007008	0.079840	0.003817	0.169938	0.005289	0.194863	0.005584	0.001615	0.000565	
0.7500	0.0443	0.0006	1.6741	0.553321	0.007012	0.078774	0.003785	0.168383	0.005268	0.197522	0.005611	0.002000	0.000632	
0.7600	0.0443	0.0006	1.6739	0.553042	0.007009	0.077706	0.003765	0.167559	0.005257	0.199543	0.005633	0.002150	0.000649	
0.7700	0.0443	0.0006	1.6728	0.552284	0.007007	0.076232	0.003728	0.165988	0.005234	0.203296	0.005670	0.002200	0.000663	
0.7800	0.0443	0.0006	1.6689	0.553402	0.007002	0.075235	0.003704	0.163081	0.005189	0.206082	0.005700	0.002200	0.000663	
0.7900	0.0448	0.0006	1.6546	0.559560	0.006974	0.073903	0.003689	0.154024	0.005056	0.210313	0.005743	0.002200	0.000663	
0.8000	0.0451	0.0006	1.6462	0.562658	0.006982	0.073772	0.003677	0.146223	0.004964	0.215147	0.005786	0.002200	0.000663	
0.8100	0.0452	0.0006	1.6393	0.564285	0.006987	0.072536	0.003650	0.141721	0.004897	0.219258	0.005839	0.002200	0.000663	
0.8200	0.0454	0.0006	1.6312	0.567055	0.006980	0.071456	0.003619	0.137170	0.004835	0.222063	0.005857	0.002257	0.000665	
0.8300	0.0454	0.0006	1.6306	0.565998	0.006981	0.070829	0.003611	0.134491	0.004799	0.226282	0.005894	0.002400	0.000692	
0.8400	0.0453	0.0006	1.6275	0.565804	0.006985	0.070033	0.003574	0.131996	0.004751	0.229767	0.005928	0.002400	0.000692	
0.8500	0.0454	0.0006	1.6228	0.566675	0.006984	0.068246	0.003552	0.130386	0.004740	0.232173	0.005953	0.002520	0.000702	
0.8600	0.0454	0.0006	1.6205	0.565946	0.006988	0.067175	0.003526	0.128320	0.004708	0.235959	0.005989	0.002600	0.000720	
0.8700	0.0453	0.0006	1.6170	0.565570	0.006987	0.066257	0.003497	0.125804	0.004662	0.239769	0.006020	0.002600	0.000720	
0.8800	0.0452	0.0006	1.6140	0.564210	0.006980	0.065087	0.003465	0.123189	0.004616	0.244914	0.006055	0.002600	0.000720	
0.8900	0.0451	0.0006	1.6157	0.563281	0.006992	0.065716	0.003480	0.121375	0.004590	0.246843	0.006079	0.002785	0.000743	
0.9000	0.0451	0.0006	1.6164	0.562291	0.006994	0.066006	0.003483	0.120268	0.004577	0.248634	0.006088	0.002800	0.000747	
0.9100	0.0448	0.0006	1.6208	0.558577	0.007001	0.066098	0.003497	0.119167	0.004562	0.253183	0.006130	0.002975	0.000767	
0.9200	0.0445	0.0006	1.6234	0.555774	0.007003	0.066094	0.003481	0.118509	0.004542	0.256623	0.006153	0.003000	0.000774	
0.9300	0.0445	0.0006	1.6228	0.555355	0.007008	0.066718	0.003508	0.116548	0.004516	0.258379	0.006172	0.003000	0.000774	
0.9400	0.0444	0.0006	1.6235	0.553559	0.007013	0.066033	0.003487	0.116578	0.004515	0.260830	0.006192	0.003000	0.000774	
0.9500	0.0442	0.0006	1.6243	0.551319	0.007009	0.065668	0.003475	0.115868	0.004504	0.264145	0.006207	0.003000	0.000774	
0.9600	0.0439	0.0006	1.6290	0.547828	0.007020	0.066207	0.003484	0.115800	0.004503	0.267165	0.006236	0.003000	0.000774	
0.9700	0.0439	0.0006	1.6290	0.547535	0.007020	0.066694	0.003512	0.113420	0.004461	0.269089	0.006258	0.003262	0.000796	
0.9800	0.0438	0.0006	1.6300	0.546315	0.007021	0.066754	0.003504	0.112361	0.004447	0.271169	0.006264	0.003400	0.000823	
0.9900	0.0436	0.0006	1.6340	0.543500	0.007021	0.067060	0.003513	0.111543	0.004432	0.274232	0.006285	0.003665	0.000844	
1.0000	0.0436	0.0006	1.6353	0.543697	0.007022	0.069110	0.003558	0.108918	0.004375	0.274475	0.006291	0.003800	0.000870	
1.0100	0.0437	0.0006	1.6288	0.545555	0.007016	0.069385	0.003578	0.104271	0.004292	0.276800	0.006311	0.003989	0.000890	
1.0200	0.0437	0.0006	1.6243	0.545856	0.007012	0.069796	0.003579	0.100738	0.004229	0.279610	0.006320	0.004000	0.000893	
1.0300	0.0437	0.0006	1.6222	0.544859	0.007015	0.070785	0.003598	0.097404	0.004157	0.282952	0.006346	0.004000	0.000893	
1.0400	0.0437	0.0006	1.6175	0.544789	0.007017	0.070344	0.003601	0.094877	0.004114	0.285990	0.006373	0.004000	0.000893	
1.0500	0.0435	0.0006	1.6161	0.542260	0.007025	0.069171	0.003557	0.093804	0.004093	0.290685	0.006401	0.004080	0.000896	
1.0600	0.0434	0.0006	1.6150	0.541008	0.007024	0.068167	0.003537	0.093281	0.004084	0.293344	0.006417	0.004200	0.000915	
1.0700	0.0433	0.0006	1.6126	0.539719	0.007027	0.067250	0.003510	0.092309	0.004060	0.296521	0.006438	0.004200	0.000915	
1.0800	0.0432	0.0006	1.6109	0.539059	0.007027	0.066304	0.003497	0.091667	0.004058	0.298633	0.006451	0.004337	0.000925	
1.0900	0.0430	0.0006	1.6147	0.536270	0.007036	0.067985	0.003536	0.090173	0.004034	0.301173	0.006468	0.004400	0.000936	
1.1000	0.0429	0.0006	1.6146	0.534769	0.007041	0.067664	0.003533	0.089816	0.004023	0.303351	0.006490	0.004400	0.000936	
1.1100	0.0427	0.0006	1.6128	0.533269	0.007028	0.067254	0.003520	0.088608	0.003992	0.306470	0.006495	0.004400	0.000936	
1.1200	0.0424	0.0006	1.6142	0.529558	0.007031	0.067134	0.003521	0.087954	0.003978	0.310953	0.006522	0.004400	0.000936	
1.1300	0.0423	0.0006	1.6122	0.527605	0.007040	0.066766	0.003499	0.086520	0.003949	0.314709	0.006546	0.004400	0.000936	
1.1400	0.0422	0.0006	1.6137	0.526679	0.007042	0.068418	0.003546	0.084995	0.003924	0.315508	0.006550	0.004400	0.000936	
1.1500	0.0421	0.0006	1.6151	0.525680	0.007042	0.070544	0.003597	0.082873	0.003874	0.316500	0.006558	0.004403	0.000936	
1.1600	0.0420	0.0006	1.6181	0.523945	0.007047	0.071518	0.003623	0.082070	0.003862	0.317867	0.006566	0.004600	0.000957	
1.1700	0.0417	0.0006	1.6220	0.520542	0.007047	0.070916	0.003602	0.083530	0.003893	0.320412	0.006577	0.004600	0.000957	
1.1800	0.0414	0.0006	1.6256	0.517011	0.007044	0.071562	0.003618	0.083370	0.003886	0.323447	0.006590	0.004609	0.000957	
1.1900	0.0412	0.0006	1.6317	0.514349	0.007047	0.072227	0.003620	0.083266	0.003873	0.325053	0.006600	0.005106	0.001001	
1.2000	0.0410	0.0006	1.6345	0.512057	0.007048	0.071577	0.003616	0.084408	0.003909	0.326758	0.006608	0.005200	0.001017	
1.2100	0.0408	0.0006	1.6394	0.509560	0.007054	0.073358	0.003656	0.084083	0.003900	0.327800	0.006619	0.005200	0.001017	
1.2200	0.0407	0.0006	1.6429	0.507748	0.007056	0.072999	0.003642	0.085683	0.003928	0.328369	0.006624	0.005200	0.001017	
1.2300	0.0406	0.0006	1.6429	0.506970	0.007055	0.071300	0.003612	0.087116	0.003966	0.329329	0.006630	0.005285	0.001021	
1.2400	0.0405	0.0006	1.6465	0.505218	0.007055	0.072694	0.003643	0.086478	0.003956	0.330211	0.006630	0.005400	0.001037	
1.2500	0.0403	0.0006	1.6516	0.503023	0.007053	0.074772	0.003693	0.086098	0.003947	0.330706	0.006631	0.005400	0.001037	
1.2600	0.0400	0.0006	1.6569	0.499329	0.007052	0.077095	0.003745	0.084998	0.003926	0.333121	0.006642	0.005457	0.001038	
1.2700	0.0399	0.0006	1.6598	0.497404	0.007049	0.078380	0.003771	0.084088	0.003900	0.334528	0.006647	0.005600	0.001055	
1.2800	0.0397	0.0006	1.6657	0.495571	0.007051	0.080444	0.003807	0.084364	0.003897	0.334021	0.006646	0.005600	0.001055	
1.2900	0.0396	0.0006	1.6645	0.494385	0.007054	0.079676	0.003807	0.084259	0.003901	0.336080	0.006664	0.005600	0.001055	
1.3000	0.0394	0.0006	1.6670	0.491432	0.007051	0.080211	0.003807	0.084127	0.003902	0.338630	0.006667	0.005600	0.001055	
1.3100	0.0392	0.0006	1.6709	0.488855	0.007057	0.080616	0.003836	0.084567	0.003924	0.340218	0.006686	0.005744	0.001065	
1.3200	0.0390	0.0006	1.6742	0.486664	0.007054	0.080614	0.003825	0.085442	0.003937	0.341480	0.006689	0.005800	0.001074	
1.3300	0.0388	0.0006	1.6750	0.484046	0.007047	0.080922	0.003832	0.084872	0.003916	0.344360	0.006697	0.005800	0.001074	
1.3400	0.0386	0.0006	1.6788	0.481397	0.007048	0.080869	0.003818	0.086184	0.003939	0.345750	0.006704	0.005800	0.001074	
1.3500	0.0385	0.0006	1.6804	0.480165	0.007048	0.080640	0.003821	0.086936	0.003959	0.346459	0.006709	0.005800	0.001074	
1.3600	0.0383	0.0006	1.6777	0.478272	0.007036	0.079185	0.003786	0.086702	0.003940	0.350041	0.006721	0.005800	0.001074	
1.3700	0.0383	0.0006	1.6762	0.477506	0.007044	0.079953	0.003819	0.084998	0.003922	0.351743	0.006736	0.005800	0.001074	
1.3800	0.0382	0.0006	1.6756	0.476327	0.007050	0.080483	0.003830	0.083902	0.003903	0.353488	0.006747	0.005800	0.001074	
1.3900	0.0380	0.0006	1.6759	0.473718	0.007045	0.079078	0.003793	0.084955	0.003918	0.356450	0.006757	0.005800	0.001074	
1.4000	0.0378	0.0006	1.6778	0.471614	0.007044	0.078947	0.003782	0.085603	0.003935	0.358036	0.006759	0.005800	0.001074	
1.4100	0.0376	0.0006	1.6818	0.469118	0.007038	0.079949	0.003811	0.085461	0.003931	0.359478	0.006764	0.005993	0.001091	
1.4200	0.0375	0.0006	1.6800	0.468538	0.007038	0.079877	0.003807	0.084542	0.003903	0.361043	0.006775	0.006000	0.001092	
1.4300	0.0375	0.0006	1.6780	0.468037	0.007034	0.079152	0.003785	0.083965	0.003885	0.362742	0.006779	0.006104	0.001097	
1.4400	0.0374	0.0006	1.6780	0.467256	0.007038	0.079158	0.003794	0.083094	0.003881	0.364115	0.006786	0.006377	0.001124	
1.4500	0.0374	0.0006	1.6775	0.466328	0.007032	0.079286	0.003792	0.082494	0.003858	0.365493	0.006789	0.006400	0.001128	
1.4600	0.0372	0.0006	1.6791	0.464820	0.007026	0.081577	0.003833	0.080677	0.003816	0.366526	0.006785	0.006400	0.001128	
1.4700	0.0372	0.0006	1.6788	0.464575	0.007033	0.082712	0.003856	0.079377	0.003778	0.366936	0.006795	0.006400	0.001128	
1.4800	0.0372	0.0006	1.6804	0.464544	0.007036	0.082704	0.003863	0.079901	0.003800	0.366373	0.006797	0.006478	0.001130	
1.4900	0.0372	0.0006	1.6797	0.464716	0.007037	0.081270	0.003832	0.080741	0.003823	0.366674	0.006796	0.006600	0.001145	
1.5000	0.0371	0.0006	1.6826	0.463245	0.007030	0.082495	0.003867	0.080622	0.003826	0.367038	0.006793	0.006600	0.001145	
1.5100	0.0370	0.0006	1.6852	0.461436	0.007029	0.083866	0.003883	0.080166	0.003805	0.367933	0.006798	0.006600	0.001145	
1.5200	0.0369	0.0006	1.6881	0.459901	0.007030	0.084602	0.003903	0.080542	0.003818	0.368355	0.006801	0.006600	0.001145	
1.5300	0.0368	0.0006	1.6898	0.459195	0.007037	0.084629	0.003906	0.081212	0.003840	0.368364	0.006807	0.006600	0.001145	
1.5400	0.0366	0.0006	1.6949	0.457210	0.007021	0.087380	0.003966	0.080625	0.003829	0.368184	0.006792	0.006600	0.001145	
1.5500	0.0364	0.0006	1.6977	0.454117	0.007021	0.088671	0.003994	0.080256	0.003819	0.370356	0.006807	0.006600	0.001145	
1.5600	0.0362	0.0006	1.7022	0.451280	0.007023	0.090684	0.004039	0.079475	0.003807	0.371741	0.006817	0.006820	0.001160	
1.5700	0.0361	0.0006	1.7060	0.450118	0.007014	0.092088	0.004060	0.078936	0.003777	0.371724	0.006815	0.007134	0.001187	
1.5800	0.0360	0.0006	1.7063	0.449735	0.007022	0.090905	0.004036	0.079928	0.003807	0.372232	0.006821	0.007200	0.001196	
1.5900	0.0360	0.0006	1.7067	0.448953	0.007015	0.091097	0.004043	0.079856	0.003809	0.372893	0.006818	0.007200	0.001196	
1.6000	0.0359	0.0006	1.7086	0.448013	0.007015	0.091386	0.004050	0.080341	0.003810	0.373059	0.006825	0.007200	0.001196	
1.6100	0.0357	0.0006	1.7080	0.445805	0.007009	0.090127	0.004023	0.080977	0.003825	0.375891	0.006832	0.007200	0.001196	
1.6200	0.0357	0.0006	1.7091	0.445486	0.007015	0.090369	0.004030	0.081211	0.003839	0.375734	0.006833	0.007200	0.001196	
1.6300	0.0356	0.0006	1.7083	0.444135	0.007004	0.090139	0.004026	0.080904	0.003826	0.377622	0.006836	0.007200	0.001196	
1.6400	0.0354	0.0006	1.7084	0.441647	0.007007	0.088706	0.003987	0.082064	0.003850	0.380382	0.006848	0.007200	0.001196	
1.6500	0.0353	0.0006	1.7126	0.440533	0.007003	0.088601	0.003987	0.083966	0.003885	0.379701	0.006848	0.007200	0.001196	
1.6600	0.0353	0.0006	1.7146	0.440285	0.007001	0.090045	0.004007	0.083472	0.003883	0.378997	0.006833	0.007200	0.001196	
1.6700	0.0352	0.0006	1.7189	0.439210	0.007002	0.090648	0.004025	0.084777	0.003904	0.378165	0.006840	0.007200	0.001196	
1.6800	0.0351	0.0006	1.7177	0.438472	0.007000	0.089079	0.003999	0.085653	0.003925	0.379595	0.006847	0.007200	0.001196	
1.6900	0.0350	0.0006	1.7199	0.436328	0.006996	0.089195	0.004006	0.086348	0.003952	0.380929	0.006847	0.007200	0.001196	
1.7000	0.0348	0.0006	1.7222	0.434686	0.006996	0.090210	0.004028	0.086287	0.003948	0.381617	0.006855	0.007200	0.001196	
1.7100	0.0347	0.0006	1.7246	0.433623	0.006997	0.090405	0.004023	0.087140	0.003964	0.381631	0.006853	0.007200	0.001196	
1.7200	0.0348	0.0006	1.7252	0.433826	0.006992	0.090130	0.004023	0.087727	0.003970	0.381117	0.006853	0.007200	0.001196	
1.7300	0.0347	0.0006	1.7263	0.433392	0.006989	0.090936	0.004034	0.087384	0.003969	0.381089	0.006844	0.007200	0.001196	
1.7400	0.0346	0.0006	1.7282	0.431843	0.006984	0.091279	0.004043	0.087602	0.003964	0.381998	0.006852	0.007279	0.001198	
1.7500	0.0344	0.0006	1.7275	0.429558	0.006983	0.089201	0.004003	0.088807	0.003991	0.385034	0.006866	0.007400	0.001212	
1.7600	0.0344	0.0006	1.7273	0.428867	0.006984	0.088542	0.003984	0.089341	0.004005	0.385850	0.006866	0.007400	0.001212	
1.7700	0.0344	0.0006	1.7274	0.429492	0.006986	0.088987	0.003995	0.088976	0.003999	0.385144	0.006865	0.007400	0.001212	
1.7800	0.0345	0.0006	1.7241	0.430208	0.006980	0.086869	0.003950	0.089619	0.003997	0.385904	0.006868	0.007400	0.001212	
1.7900	0.0344	0.0006	1.7238	0.429123	0.006979	0.086510	0.003958	0.089296	0.004011	0.387492	0.006872	0.007578	0.001225	
1.8000	0.0343	0.0006	1.7229	0.428311	0.006977	0.087295	0.003964	0.087947	0.003977	0.388847	0.006874	0.007600	0.001228	
1.8100	0.0343	0.0006	1.7208	0.428231	0.006977	0.086990	0.003952	0.087266	0.003949	0.389914	0.006882	0.007600	0.001228	
1.8200	0.0343	0.0006	1.7228	0.427633	0.006985	0.086890	0.003950	0.088210	0.003990	0.389642	0.006878	0.007625	0.001229	
1.8300	0.0343	0.0006	1.7278	0.427586	0.006979	0.088918	0.003996	0.087959	0.003983	0.387696	0.006869	0.007840	0.001245	
1.8400	0.0342	0.0006	1.7305	0.426336	0.006972	0.090939	0.004039	0.086716	0.003953	0.388009	0.006869	0.008000	0.001260	
1.8500	0.0340	0.0006	1.7315	0.424559	0.006976	0.090248	0.004029	0.087496	0.003971	0.389605	0.006884	0.008092	0.001263	
1.8600	0.0340	0.0006	1.7330	0.423874	0.006966	0.090422	0.004024	0.087703	0.003960	0.389802	0.006879	0.008200	0.001275	
1.8700	0.0340	0.0006	1.7334	0.424610	0.006976	0.090693	0.004026	0.087696	0.003967	0.388800	0.006878	0.008200	0.001275	
1.8800	0.0340	0.0006	1.7322	0.424890	0.006975	0.090758	0.004040	0.087058	0.003962	0.389094	0.006881	0.008200	0.001275	
1.8900	0.0340	0.0006	1.7339	0.424344	0.006969	0.091789	0.004051	0.086812	0.003955	0.388855	0.006869	0.008200	0.001275	
1.9000	0.0339	0.0006	1.7375	0.422617	0.006970	0.093536	0.004086	0.086707	0.003955	0.388941	0.006873	0.008200	0.001275	
1.9100	0.0338	0.0006	1.7409	0.421578	0.006966	0.095543	0.004129	0.086329	0.003943	0.388351	0.006872	0.008200	0.001275	
1.9200	0.0336	0.0006	1.7458	0.418679	0.006957	0.095851	0.004126	0.088080	0.003978	0.389148	0.006870	0.008241	0.001276	
1.9300	0.0335	0.0006	1.7477	0.418504	0.006966	0.096290	0.004144	0.088113	0.003981	0.388694	0.006883	0.008400	0.001291	
1.9400	0.0335	0.0006	1.7499	0.418587	0.006965	0.096020	0.004139	0.089439	0.004011	0.387554	0.006876	0.008400	0.001291	
1.9500	0.0334	0.0006	1.7504	0.417366	0.006956	0.095995	0.004141	0.089623	0.004014	0.388617	0.006876	0.008400	0.001291	
1.9600	0.0334	0.0006	1.7514	0.416565	0.006950	0.095248	0.004111	0.090760	0.004023	0.389026	0.006872	0.008400	0.001291	
1.9700	0.0334	0.0006	1.7522	0.416563	0.006953	0.096425	0.004144	0.090036	0.004017	0.388576	0.006873	0.008400	0.001291	
1.9800	0.0333	0.0006	1.7555	0.414991	0.006953	0.097891	0.004180	0.090131	0.004029	0.388586	0.006876	0.008400	0.001291	
1.9900	0.0332	0.0006	1.7534	0.414405	0.006947	0.097568	0.004172	0.089423	0.004007	0.390205	0.006881	0.008400	0.001291	
2.0000	0.0333	0.0006	1.7527	0.415598	0.006948	0.098720	0.004189	0.087893	0.003966	0.389320	0.006879	0.008469	0.001293	
2.0100	0.0333	0.0006	1.7549	0.415447	0.006950	0.099503	0.004203	0.087851	0.003972	0.388599	0.006873	0.008600	0.001306	
2.0200	0.0332	0.0006	1.7549	0.414734	0.006947	0.099460	0.004204	0.087873	0.003973	0.389333	0.006876	0.008600	0.001306	
2.0300	0.0333	0.0006	1.7553	0.414985	0.006950	0.098749	0.004187	0.088719	0.003986	0.388947	0.006877	0.008600	0.001306	
2.0400	0.0332	0.0006	1.7561	0.413873	0.006943	0.099060	0.004186	0.088751	0.003988	0.389716	0.006870	0.008600	0.001306	
2.0500	0.0330	0.0006	1.7596	0.412077	0.006945	0.099630	0.004207	0.089805	0.004019	0.389888	0.006878	0.008600	0.001306	
2.0600	0.0329	0.0006	1.7593	0.411059	0.006932	0.100380	0.004225	0.088917	0.003994	0.391043	0.006877	0.008600	0.001306	
2.0700	0.0328	0.0006	1.7581	0.409925	0.006937	0.100850	0.004230	0.087883	0.003974	0.392742	0.006887	0.008600	0.001306	
2.0800	0.0327	0.0006	1.7602	0.408530	0.006936	0.101141	0.004238	0.088559	0.003995	0.393170	0.006890	0.008600	0.001306	
2.0900	0.0326	0.0006	1.7622	0.407369	0.006936	0.101218	0.004236	0.089397	0.004007	0.393417	0.006894	0.008600	0.001306	
2.1000	0.0327	0.0006	1.7633	0.407632	0.006934	0.101615	0.004237	0.089564	0.004005	0.392589	0.006886	0.008600	0.001306	
2.1100	0.0327	0.0006	1.7651	0.407677	0.006926	0.101919	0.004248	0.090149	0.004013	0.391655	0.006881	0.008600	0.001306	
2.1200	0.0326	0.0006	1.7663	0.406540	0.006930	0.100872	0.004228	0.091628	0.004046	0.392361	0.006890	0.008600	0.001306	
2.1300	0.0326	0.0006	1.7669	0.406738	0.006925	0.101669	0.004240	0.091191	0.004040	0.391802	0.006878	0.008600	0.001306	
2.1400	0.0326	0.0006	1.7685	0.406312	0.006927	0.100556	0.004209	0.093000	0.004067	0.391531	0.006883	0.008600	0.001306	
2.1500	0.0325	0.0006	1.7699	0.405154	0.006922	0.097644	0.004158	0.095968	0.004129	0.392459	0.006883	0.008775	0.001317	
2.1600	0.0323	0.0006	1.7699	0.403300	0.006913	0.096900	0.004155	0.096625	0.004149	0.394375	0.006888	0.008800	0.001321	
2.1700	0.0324	0.0006	1.7646	0.403963	0.006922	0.094275	0.004103	0.096669	0.004145	0.396293	0.006903	0.008800	0.001321	
2.1800	0.0324	0.0006	1.7632	0.404233	0.006918	0.094591	0.004111	0.095653	0.004130	0.396724	0.006897	0.008800	0.001321	
2.1900	0.0324	0.0006	1.7624	0.404038	0.006922	0.093959	0.004094	0.095935	0.004132	0.397268	0.006903	0.008800	0.001321	
2.2000	0.0324	0.0006	1.7621	0.404007	0.006922	0.093137	0.004075	0.096601	0.004145	0.397456	0.006902	0.008800	0.001321	
2.2100	0.0323	0.0006	1.7621	0.403191	0.006914	0.092862	0.004068	0.096864	0.004141	0.398284	0.006903	0.008800	0.001321	
2.2200	0.0324	0.0006	1.7619	0.403972	0.006925	0.092190	0.004064	0.097470	0.004165	0.397568	0.006908	0.008800	0.001321	
2.2300	0.0324	0.0006	1.7628	0.404760	0.006921	0.093452	0.004075	0.096646	0.004145	0.396342	0.006893	0.008800	0.001321	
2.2400	0.0324	0.0006	1.7628	0.404202	0.006920	0.094393	0.004109	0.095695	0.004138	0.396911	0.006899	0.008800	0.001321	
2.2500	0.0324	0.0006	1.7631	0.404554	0.006923	0.095644	0.004136	0.094571	0.004113	0.396432	0.006902	0.008800	0.001321	
2.2600	0.0324	0.0006	1.7631	0.404731	0.006920	0.095831	0.004122	0.094370	0.004092	0.396268	0.006896	0.008800	0.001321	
2.2700	0.0324	0.0006	1.7637	0.404600	0.006922	0.095500	0.004127	0.095030	0.004118	0.396070	0.006897	0.008800	0.001321	
2.2800	0.0326	0.0006	1.7621	0.407160	0.006927	0.097569	0.004164	0.092284	0.004056	0.394187	0.006892	0.008800	0.001321	
2.2900	0.0326	0.0006	1.7626	0.406797	0.006929	0.099052	0.004197	0.091064	0.004042	0.394287	0.006892	0.008800	0.001321	
2.3000	0.0326	0.0006	1.7613	0.406841	0.006928	0.098747	0.004192	0.090754	0.004032	0.394858	0.006895	0.008800	0.001321	
2.3100	0.0327	0.0006	1.7597	0.407436	0.006936	0.099478	0.004208	0.089337	0.004009	0.394949	0.006901	0.008800	0.001321	
2.3200	0.0327	0.0006	1.7607	0.407744	0.006935	0.098171	0.004174	0.091035	0.004036	0.394250	0.006892	0.008800	0.001321	
2.3300	0.0327	0.0006	1.7630	0.407616	0.006935	0.098325	0.004180	0.091994	0.004059	0.393266	0.006890	0.008800	0.001321	
2.3400	0.0326	0.0006	1.7650	0.406977	0.006931	0.098131	0.004186	0.093128	0.004089	0.392964	0.006891	0.008800	0.001321	
2.3500	0.0326	0.0006	1.7647	0.406679	0.006929	0.099868	0.004216	0.091320	0.004046	0.393332	0.006892	0.008800	0.001321	
2.3600	0.0325	0.0006	1.7662	0.405956	0.006925	0.101151	0.004237	0.090818	0.004038	0.393276	0.006886	0.008800	0.001321	
2.3700	0.0325	0.0006	1.7665	0.405955	0.006925	0.101504	0.004229	0.090599	0.004018	0.393142	0.006887	0.008800	0.001321	
2.3800	0.0325	0.0006	1.7684	0.405871	0.006928	0.101939	0.004254	0.091109	0.004044	0.392281	0.006887	0.008800	0.001321	
2.3900	0.0324	0.0006	1.7674	0.404098	0.006923	0.101276	0.004242	0.091234	0.004046	0.394592	0.006896	0.008800	0.001321	
2.4000	0.0324	0.0006	1.7690	0.403755	0.006920	0.102108	0.004248	0.091191	0.004044	0.394146	0.006887	0.008800	0.001321	
2.4100	0.0324	0.0006	1.7721	0.404094	0.006926	0.103006	0.004265	0.091839	0.004054	0.392261	0.006888	0.008800	0.001321	
2.4200	0.0324	0.0006	1.7743	0.404026	0.006918	0.102865	0.004266	0.093043	0.004072	0.391266	0.006883	0.008800	0.001321	
2.4300	0.0323	0.0006	1.7730	0.403675	0.006921	0.101699	0.004246	0.093491	0.004086	0.392335	0.006889	0.008800	0.001321	
2.4400	0.0324	0.0006	1.7698	0.404097	0.006920	0.099989	0.004207	0.093569	0.004082	0.393538	0.006890	0.008806	0.001321	
2.4500	0.0325	0.0006	1.7713	0.405380	0.006927	0.099701	0.004212	0.094056	0.004098	0.391863	0.006890	0.009000	0.001336	
2.4600	0.0326	0.0006	1.7688	0.407383	0.006927	0.100527	0.004228	0.092131	0.004055	0.390959	0.006885	0.009000	0.001336	
2.4700	0.0327	0.0006	1.7656	0.408281	0.006929	0.101128	0.004234	0.090070	0.004017	0.391522	0.006881	0.009000	0.001336	
2.4800	0.0326	0.0006	1.7677	0.407261	0.006933	0.102510	0.004257	0.089770	0.004023	0.391459	0.006879	0.009000	0.001336	
2.4900	0.0325	0.0006	1.7739	0.405539	0.006926	0.102583	0.004249	0.092599	0.004066	0.390279	0.006874	0.009000	0.001336	
2.5000	0.0324	0.0006	1.7753	0.404541	0.006918	0.101646	0.004239	0.094144	0.004092	0.390668	0.006878	0.009000	0.001336	
2.5100	0.0323	0.0006	1.7758	0.403218	0.006918	0.101199	0.004236	0.094768	0.004112	0.391815	0.006883	0.009000	0.001336	
2.5200	0.0322	0.0006	1.7767	0.402097	0.006917	0.102302	0.004263	0.094171	0.004110	0.392431	0.006886	0.009000	0.001336	
2.5300	0.0323	0.0006	1.7737	0.402674	0.006915	0.099755	0.004199	0.095124	0.004100	0.393446	0.006893	0.009000	0.001336	
2.5400	0.0322	0.0006	1.7714	0.401832	0.006915	0.096591	0.004151	0.097096	0.004162	0.395478	0.006896	0.009003	0.001336	
2.5500	0.0320	0.0006	1.7765	0.399227	0.006908	0.097670	0.004157	0.097979	0.004176	0.395924	0.006890	0.009200	0.001350	
2.5600	0.0318	0.0006	1.7797	0.396903	0.006902	0.098499	0.004191	0.098771	0.004196	0.396627	0.006901	0.009200	0.001350	
2.5700	0.0318	0.0006	1.7799	0.396875	0.006897	0.099036	0.004196	0.098298	0.004181	0.396591	0.006897	0.009200	0.001350	
2.5800	0.0318	0.0006	1.7787	0.396610	0.006897	0.098310	0.004176	0.098442	0.004174	0.397438	0.006902	0.009200	0.001350	
2.5900	0.0319	0.0006	1.7753	0.397581	0.006899	0.096689	0.004144	0.098371	0.004169	0.398159	0.006905	0.009200	0.001350	
2.6000	0.0318	0.0006	1.7746	0.397191	0.006906	0.095719	0.004133	0.099017	0.004200	0.398873	0.006910	0.009200	0.001350	
2.6100	0.0318	0.0006	1.7758	0.396330	0.006899	0.096090	0.004143	0.099260	0.004202	0.399120	0.006908	0.009200	0.001350	
2.6200	0.0317	0.0006	1.7738	0.396141	0.006900	0.095111	0.004116	0.099281	0.004199	0.400268	0.006910	0.009200	0.001350	
2.6300	0.0318	0.0006	1.7742	0.396691	0.006900	0.096015	0.004135	0.098537	0.004184	0.399557	0.006907	0.009200	0.001350	
2.6400	0.0319	0.0006	1.7739	0.397586	0.006905	0.096653	0.004154	0.097753	0.004171	0.398809	0.006911	0.009200	0.001350	
2.6500	0.0318	0.0006	1.7739	0.396666	0.006896	0.096244	0.004142	0.098147	0.004178	0.399743	0.006906	0.009200	0.001350	
2.6600	0.0317	0.0006	1.7728	0.395857	0.006900	0.095206	0.004125	0.098691	0.004192	0.401047	0.006917	0.009200	0.001350	
2.6700	0.0317	0.0006	1.7717	0.395760	0.006900	0.094803	0.004118	0.098022	0.004177	0.402028	0.006921	0.009388	0.001363	
2.6800	0.0317	0.0006	1.7749	0.395660	0.006893	0.096563	0.004152	0.097332	0.004168	0.400871	0.006908	0.009574	0.001376	
2.6900	0.0317	0.0006	1.7773	0.394956	0.006891	0.099260	0.004189	0.095749	0.004124	0.400436	0.006906	0.009600	0.001379	
2.7000	0.0314	0.0006	1.7831	0.391687	0.006884	0.099479	0.004194	0.098416	0.004184	0.400817	0.006903	0.009600	0.001379	
2.7100	0.0311	0.0006	1.7831	0.388647	0.006869	0.098925	0.004199	0.099065	0.004191	0.403764	0.006921	0.009600	0.001379	
2.7200	0.0312	0.0006	1.7807	0.388999	0.006872	0.099318	0.004201	0.097366	0.004162	0.404677	0.006920	0.009640	0.001380	
2.7300	0.0312	0.0006	1.7802	0.388715	0.006879	0.099548	0.004219	0.096507	0.004151	0.405430	0.006935	0.009800	0.001393	
2.7400	0.0313	0.0006	1.7752	0.390653	0.006884	0.097869	0.004170	0.095653	0.004123	0.406024	0.006931	0.009800	0.001393	
2.7500	0.0315	0.0006	1.7745	0.392803	0.006894	0.097187	0.004160	0.095960	0.004138	0.404246	0.006925	0.009805	0.001393	
2.7600	0.0314	0.0006	1.7768	0.392065	0.006886	0.097915	0.004168	0.095849	0.004140	0.404172	0.006915	0.010000	0.001407	
2.7700	0.0314	0.0006	1.7784	0.391735	0.006887	0.097909	0.004172	0.096152	0.004138	0.404020	0.006926	0.010184	0.001414	
2.7800	0.0314	0.0006	1.7792	0.391491	0.006887	0.097839	0.004175	0.096076	0.004143	0.404195	0.006924	0.010400	0.001435	
2.7900	0.0314	0.0006	1.7816	0.391556	0.006889	0.099389	0.004207	0.095706	0.004137	0.402949	0.006922	0.010400	0.001435	
2.8000	0.0314	0.0006	1.7813	0.392388	0.006879	0.099958	0.004209	0.094984	0.004110	0.402270	0.006910	0.010400	0.001435	
2.8100	0.0314	0.0006	1.7785	0.392391	0.006888	0.100314	0.004224	0.093312	0.004083	0.403583	0.006925	0.010400	0.001435	
2.8200	0.0315	0.0006	1.7778	0.392675	0.006888	0.100188	0.004212	0.092939	0.004068	0.403735	0.006924	0.010463	0.001435	
2.8300	0.0314	0.0006	1.7803	0.392294	0.006895	0.099295	0.004200	0.094175	0.004102	0.403437	0.006926	0.010800	0.001462	
2.8400	0.0315	0.0006	1.7823	0.392863	0.006887	0.099275	0.004189	0.095097	0.004113	0.401966	0.006909	0.010800	0.001462	
2.8500	0.0315	0.0006	1.7849	0.392829	0.006890	0.100837	0.004233	0.094884	0.004124	0.400651	0.006911	0.010800	0.001462	
2.8600	0.0314	0.0006	1.7890	0.391783	0.006887	0.101054	0.004221	0.096670	0.004142	0.399693	0.006907	0.010800	0.001462	
2.8700	0.0314	0.0006	1.7897	0.391889	0.006888	0.100155	0.004214	0.097873	0.004169	0.399283	0.006911	0.010800	0.001462	
2.8800	0.0315	0.0006	1.7892	0.393507	0.006894	0.100161	0.004213	0.097608	0.004164	0.397924	0.006907	0.010800	0.001462	
2.8900	0.0317	0.0006	1.7913	0.395682	0.006900	0.102085	0.004248	0.096757	0.004154	0.394676	0.006892	0.010800	0.001462	
2.9000	0.0317	0.0006	1.7945	0.396030	0.006904	0.102902	0.004258	0.097561	0.004161	0.392707	0.006890	0.010800	0.001462	
2.9100	0.0317	0.0006	1.7976	0.396142	0.006900	0.102965	0.004274	0.098931	0.004197	0.391110	0.006886	0.010852	0.001463	
2.9200	0.0317	0.0006	1.7985	0.395992	0.006899	0.103713	0.004281	0.097989	0.004176	0.391204	0.006884	0.011102	0.001479	
2.9300	0.0315	0.0006	1.8030	0.392569	0.006883	0.104316	0.004281	0.099443	0.004199	0.392472	0.006877	0.011200	0.001488	
2.9400	0.0315	0.0006	1.8022	0.393141	0.006888	0.104059	0.004287	0.099029	0.004187	0.392473	0.006891	0.011298	0.001491	
2.9500	0.0316	0.0006	1.7986	0.393965	0.006890	0.103100	0.004272	0.097883	0.004171	0.393652	0.006890	0.011400	0.001501	
2.9600	0.0315	0.0006	1.7995	0.392723	0.006885	0.103182	0.004276	0.098246	0.004183	0.394448	0.006890	0.011400	0.001501	
2.9700	0.0314	0.0006	1.7996	0.391657	0.006884	0.103205	0.004276	0.097700	0.004168	0.395818	0.006900	0.011620	0.001512	
2.9800	0.0313	0.0006	1.8013	0.390815	0.006884	0.103338	0.004270	0.097969	0.004174	0.396077	0.006897	0.011800	0.001527	
2.9900	0.0313	0.0006	1.8017	0.391130	0.006881	0.101827	0.004244	0.099667	0.004204	0.395575	0.006895	0.011800	0.001527	
3.0000	0.0313	0.0006	1.8005	0.390171	0.006884	0.099868	0.004212	0.101013	0.004234	0.397148	0.006905	0.011800	0.001527	
3.0100	0.0313	0.0006	1.8016	0.390612	0.006880	0.097654	0.004152	0.103870	0.004270	0.396065	0.006897	0.011800	0.001527	
3.0200	0.0312	0.0006	1.8039	0.389872	0.006883	0.095763	0.004127	0.107050	0.004342	0.395514	0.006899	0.011800	0.001527	
3.0300	0.0314	0.0006	1.8021	0.391807	0.006873	0.096482	0.004135	0.105334	0.004297	0.394577	0.006884	0.011800	0.001527	
3.0400	0.0313	0.0006	1.8028	0.391098	0.006885	0.097004	0.004156	0.105135	0.004310	0.394964	0.006897	0.011800	0.001527	
3.0500	0.0314	0.0006	1.8014	0.391880	0.006889	0.095725	0.004136	0.105753	0.004321	0.394842	0.006902	0.011800	0.001527	
3.0600	0.0314	0.0006	1.7996	0.391817	0.006882	0.096001	0.004137	0.104553	0.004297	0.395828	0.006895	0.011800	0.001527	
3.0700	0.0314	0.0006	1.8000	0.391517	0.006891	0.095972	0.004137	0.104791	0.004310	0.395920	0.006901	0.011800	0.001527	
3.0800	0.0314	0.0006	1.7986	0.391680	0.006874	0.095414	0.004122	0.104625	0.004286	0.396481	0.006896	0.011800	0.001527	
3.0900	0.0312	0.0006	1.7978	0.389841	0.006880	0.093730	0.004086	0.105753	0.004315	0.398754	0.006908	0.011922	0.001532	
3.1000	0.0312	0.0006	1.7995	0.389914	0.006886	0.092814	0.004068	0.107430	0.004354	0.397842	0.006905	0.012000	0.001540	
3.1100	0.0313	0.0006	1.8006	0.390929	0.006883	0.093549	0.004086	0.107200	0.004339	0.396322	0.006901	0.012000	0.001540	
3.1200	0.0314	0.0006	1.7998	0.391707	0.006882	0.093289	0.004073	0.107058	0.004342	0.395946	0.006891	0.012000	0.001540	
3.1300	0.0314	0.0006	1.8017	0.391651	0.006884	0.094931	0.004110	0.106282	0.004328	0.395136	0.006894	0.012000	0.001540	
3.1400	0.0312	0.0006	1.8035	0.389782	0.006876	0.095771	0.004127	0.106330	0.004328	0.396117	0.006895	0.012000	0.001540	
3.1500	0.0313	0.0006	1.8058	0.390038	0.006884	0.097355	0.004160	0.105823	0.004327	0.394784	0.006893	0.012000	0.001540	
3.1600	0.0312	0.0006	1.8052	0.389409	0.006879	0.095755	0.004129	0.107257	0.004341	0.395579	0.006902	0.012000	0.001540	
3.1700	0.0313	0.0006	1.8042	0.390895	0.006885	0.095194	0.004121	0.107308	0.004350	0.394603	0.006897	0.012000	0.001540	
3.1800	0.0313	0.0006	1.8063	0.390183	0.006880	0.095908	0.004140	0.107678	0.004364	0.394232	0.006890	0.012000	0.001540	
3.1900	0.0313	0.0006	1.8086	0.390625	0.006881	0.096924	0.004144	0.107612	0.004351	0.392774	0.006885	0.012065	0.001541	
3.2000	0.0315	0.0006	1.8126	0.393046	0.006894	0.097979	0.004158	0.108207	0.004358	0.388552	0.006873	0.012216	0.001553	
3.2100	0.0315	0.0006	1.8129	0.393314	0.006883	0.097769	0.004169	0.108109	0.004364	0.388408	0.006866	0.012400	0.001565	
3.2200	0.0314	0.0006	1.8114	0.391753	0.006878	0.098042	0.004178	0.106994	0.004334	0.390811	0.006884	0.012400	0.001565	
3.2300	0.0315	0.0006	1.8055	0.393698	0.006890	0.096803	0.004150	0.105177	0.004301	0.391922	0.006889	0.012400	0.001565	
3.2400	0.0317	0.0006	1.8052	0.395446	0.006899	0.097627	0.004173	0.104185	0.004295	0.390342	0.006885	0.012400	0.001565	
3.2500	0.0317	0.0006	1.8058	0.395215	0.006899	0.097082	0.004163	0.104804	0.004307	0.390393	0.006885	0.012506	0.001569	
3.2600	0.0317	0.0006	1.8057	0.394982	0.006894	0.095973	0.004138	0.105670	0.004316	0.390776	0.006884	0.012600	0.001578	
3.2700	0.0317	0.0006	1.8045	0.395626	0.006899	0.095144	0.004118	0.105940	0.004324	0.390691	0.006882	0.012600	0.001578	
3.2800	0.0318	0.0006	1.8025	0.396592	0.006896	0.095399	0.004130	0.104602	0.004297	0.390808	0.006883	0.012600	0.001578	
3.2900	0.0318	0.0006	1.8003	0.396802	0.006897	0.095572	0.004132	0.103260	0.004275	0.391766	0.006884	0.012600	0.001578	
3.3000	0.0318	0.0006	1.7998	0.396618	0.006905	0.096071	0.004145	0.102484	0.004268	0.392227	0.006891	0.012600	0.001578	
3.3100	0.0318	0.0006	1.8018	0.397230	0.006902	0.095734	0.004122	0.103633	0.004271	0.390705	0.006882	0.012697	0.001580	
3.3200	0.0318	0.0006	1.8026	0.397129	0.006901	0.094430	0.004105	0.105211	0.004307	0.390431	0.006883	0.012800	0.001590	
3.3300	0.0320	0.0006	1.8012	0.399519	0.006907	0.095586	0.004135	0.102808	0.004268	0.389102	0.006877	0.012984	0.001600	
3.3400	0.0320	0.0006	1.8022	0.398989	0.006903	0.097511	0.004165	0.101231	0.004238	0.389269	0.006872	0.013000	0.001602	
3.3500	0.0320	0.0006	1.7986	0.399874	0.006907	0.097592	0.004180	0.099354	0.004204	0.390179	0.006884	0.013000	0.001602	
3.3600	0.0320	0.0006	1.7974	0.399164	0.006906	0.097216	0.004157	0.099093	0.004199	0.391527	0.006879	0.013000	0.001602	
3.3700	0.0319	0.0006	1.7977	0.397650	0.006896	0.096568	0.004133	0.099903	0.004199	0.392878	0.006882	0.013000	0.001602	
3.3800	0.0319	0.0006	1.7987	0.397916	0.006905	0.096762	0.004154	0.100231	0.004221	0.392090	0.006886	0.013000	0.001602	
3.3900	0.0320	0.0006	1.7973	0.398823	0.006909	0.095946	0.004131	0.100341	0.004215	0.391890	0.006888	0.013000	0.001602	
3.4000	0.0320	0.0006	1.8000	0.399087	0.006912	0.096658	0.004151	0.100979	0.004236	0.390276	0.006884	0.013000	0.001602	
3.4100	0.0321	0.0006	1.7979	0.399980	0.006912	0.095582	0.004127	0.101030	0.004227	0.390407	0.006884	0.013000	0.001602	
3.4200	0.0321	0.0006	1.7967	0.400952	0.006916	0.094484	0.004103	0.101581	0.004240	0.389982	0.006883	0.013000	0.001602	
3.4300	0.0321	0.0006	1.7956	0.401119	0.006915	0.093800	0.004090	0.101763	0.004244	0.390318	0.006882	0.013000	0.001602	
3.4400	0.0321	0.0006	1.7964	0.400750	0.006916	0.093804	0.004094	0.102192	0.004256	0.390255	0.006884	0.013000	0.001602	
3.4500	0.0321	0.0006	1.7964	0.400814	0.006910	0.092907	0.004075	0.102789	0.004263	0.390362	0.006882	0.013128	0.001607	
3.4600	0.0323	0.0006	1.7958	0.402921	0.006921	0.093725	0.004089	0.101483	0.004239	0.388671	0.006877	0.013200	0.001614	
3.4700	0.0324	0.0006	1.7932	0.404196	0.006917	0.092528	0.004061	0.101440	0.004227	0.388635	0.006874	0.013200	0.001614	
3.4800	0.0324	0.0006	1.7939	0.404374	0.006921	0.093239	0.004083	0.101076	0.004237	0.388111	0.006871	0.013200	0.001614	
3.4900	0.0324	0.0006	1.7961	0.404087	0.006923	0.094624	0.004106	0.100703	0.004228	0.387387	0.006869	0.013200	0.001614	
3.5000	0.0324	0.0006	1.7956	0.404622	0.006919	0.094516	0.004111	0.100416	0.004218	0.387166	0.006873	0.013280	0.001616	
3.5100	0.0324	0.0006	1.7951	0.403796	0.006919	0.094348	0.004114	0.099972	0.004220	0.388483	0.006875	0.013400	0.001626	
3.5200	0.0323	0.0006	1.7936	0.402891	0.006919	0.093491	0.004081	0.100114	0.004215	0.390104	0.006878	0.013400	0.001626	
3.5300	0.0322	0.0006	1.7951	0.401358	0.006909	0.092160	0.004051	0.102206	0.004253	0.390863	0.006874	0.013414	0.001626	
3.5400	0.0321	0.0006	1.7965	0.400715	0.006911	0.092131	0.004063	0.102368	0.004256	0.391125	0.006885	0.013661	0.001639	
3.5500	0.0322	0.0006	1.7943	0.402053	0.006915	0.093361	0.004093	0.099597	0.004213	0.391188	0.006884	0.013800	0.001650	
3.5600	0.0322	0.0006	1.7942	0.401957	0.006914	0.093937	0.004103	0.098940	0.004194	0.391367	0.006886	0.013800	0.001650	
3.5700	0.0323	0.0006	1.7930	0.402449	0.006921	0.093748	0.004090	0.098551	0.004191	0.391453	0.006885	0.013800	0.001650	
3.5800	0.0323	0.0006	1.7925	0.402585	0.006915	0.093178	0.004078	0.098735	0.004185	0.391649	0.006884	0.013853	0.001651	
3.5900	0.0322	0.0006	1.7939	0.402023	0.006914	0.092762	0.004065	0.099517	0.004204	0.391699	0.006880	0.014000	0.001662	
3.6000	0.0322	0.0006	1.7939	0.402279	0.006919	0.093837	0.004089	0.098432	0.004185	0.391452	0.006883	0.014000	0.001662	
3.6100	0.0322	0.0006	1.7958	0.402345	0.006918	0.095034	0.004122	0.098158	0.004181	0.390463	0.006883	0.014000	0.001662	
3.6200	0.0324	0.0006	1.7933	0.403730	0.006917	0.094980	0.004113	0.096990	0.004146	0.390300	0.006880	0.014000	0.001662	
3.6300	0.0323	0.0006	1.7926	0.403300	0.006915	0.092352	0.004057	0.099131	0.004186	0.391127	0.006882	0.014089	0.001664	
3.6400	0.0323	0.0006	1.7940	0.402973	0.006919	0.092867	0.004070	0.099011	0.004198	0.390949	0.006878	0.014200	0.001673	
3.6500	0.0322	0.0006	1.7987	0.402326	0.006924	0.094817	0.004112	0.099336	0.004208	0.389321	0.006880	0.014200	0.001673	
3.6600	0.0322	0.0006	1.8006	0.401902	0.006918	0.094504	0.004103	0.100651	0.004230	0.388743	0.006874	0.014200	0.001673	
3.6700	0.0321	0.0006	1.8031	0.400622	0.006913	0.095271	0.004112	0.101090	0.004230	0.388817	0.006872	0.014200	0.001673	
3.6800	0.0322	0.0006	1.8008	0.402208	0.006914	0.092777	0.004074	0.102554	0.004246	0.388260	0.006882	0.014200	0.001673	
3.6900	0.0325	0.0006	1.7935	0.405387	0.006928	0.092219	0.004074	0.099494	0.004214	0.388700	0.006879	0.014200	0.001673	
3.7000	0.0325	0.0006	1.7922	0.405081	0.006926	0.092611	0.004072	0.098433	0.004182	0.389675	0.006883	0.014200	0.001673	
3.7100	0.0325	0.0006	1.7923	0.405020	0.006921	0.092965	0.004079	0.098091	0.004178	0.389724	0.006876	0.014200	0.001673	
3.7200	0.0325	0.0006	1.7926	0.405155	0.006923	0.094737	0.004116	0.096304	0.004152	0.389549	0.006875	0.014255	0.001674	
3.7300	0.0323	0.0006	1.7957	0.403268	0.006922	0.095028	0.004120	0.097143	0.004167	0.390161	0.006879	0.014400	0.001685	
3.7400	0.0323	0.0006	1.7976	0.402991	0.006920	0.096820	0.004155	0.096301	0.004144	0.389488	0.006880	0.014400	0.001685	
3.7500	0.0323	0.0006	1.7961	0.402815	0.006915	0.097096	0.004159	0.095284	0.004120	0.390405	0.006880	0.014400	0.001685	
3.7600	0.0323	0.0006	1.7975	0.402941	0.006918	0.098347	0.004177	0.094721	0.004116	0.389592	0.006872	0.014400	0.001685	
3.7700	0.0322	0.0006	1.7980	0.401760	0.006910	0.098440	0.004181	0.094854	0.004101	0.390545	0.006883	0.014400	0.001685	
3.7800	0.0322	0.0006	1.7977	0.401305	0.006917	0.097441	0.004169	0.095042	0.004124	0.391537	0.006888	0.014675	0.001698	
3.7900	0.0323	0.0006	1.7967	0.402672	0.006913	0.097715	0.004168	0.094025	0.004087	0.390788	0.006882	0.014800	0.001708	
3.8000	0.0323	0.0006	1.7992	0.402895	0.006920	0.098886	0.004181	0.094122	0.004102	0.389297	0.006871	0.014800	0.001708	
3.8100	0.0322	0.0006	1.8025	0.401439	0.006913	0.099241	0.004193	0.095342	0.004123	0.389178	0.006873	0.014800	0.001708	
3.8200	0.0320	0.0006	1.8054	0.399059	0.006905	0.099736	0.004210	0.096140	0.004144	0.390217	0.006877	0.014848	0.001708	
3.8300	0.0319	0.0006	1.8062	0.398117	0.006906	0.099790	0.004210	0.096154	0.004140	0.390939	0.006884	0.015000	0.001719	
3.8400	0.0318	0.0006	1.8069	0.397263	0.006900	0.100273	0.004213	0.096017	0.004135	0.391448	0.006879	0.015000	0.001719	
3.8500	0.0318	0.0006	1.8064	0.396680	0.006901	0.100230	0.004212	0.095784	0.004135	0.392305	0.006881	0.015000	0.001719	
3.8600	0.0317	0.0006	1.8115	0.395438	0.006903	0.102418	0.004255	0.096188	0.004148	0.390956	0.006882	0.015000	0.001719	
3.8700	0.0317	0.0006	1.8143	0.395380	0.006899	0.102632	0.004265	0.097355	0.004167	0.389633	0.006880	0.015000	0.001719	
3.8800	0.0317	0.0006	1.8119	0.395962	0.006900	0.101984	0.004250	0.096816	0.004150	0.390238	0.006884	0.015000	0.001719	
3.8900	0.0318	0.0006	1.8104	0.396384	0.006901	0.099433	0.004200	0.098507	0.004182	0.390658	0.006884	0.015018	0.001719	
3.9000	0.0317	0.0006	1.8110	0.395628	0.006895	0.098967	0.004196	0.098818	0.004190	0.391388	0.006884	0.015200	0.001730	
3.9100	0.0318	0.0006	1.8085	0.396691	0.006906	0.098152	0.004184	0.098410	0.004185	0.391547	0.006892	0.015200	0.001730	
3.9200	0.0318	0.0006	1.8083	0.396530	0.006901	0.096943	0.004150	0.099506	0.004202	0.391821	0.006885	0.015200	0.001730	
3.9300	0.0318	0.0006	1.8076	0.397370	0.006898	0.097681	0.004168	0.098327	0.004171	0.391382	0.006886	0.015240	0.001731	
3.9400	0.0319	0.0006	1.8080	0.397908	0.006909	0.096678	0.004145	0.099093	0.004197	0.390880	0.006885	0.015441	0.001742	
3.9500	0.0319	0.0006	1.8128	0.397564	0.006909	0.097120	0.004150	0.100709	0.004231	0.389007	0.006876	0.015600	0.001753	
3.9600	0.0318	0.0006	1.8155	0.397360	0.006906	0.098022	0.004177	0.101159	0.004238	0.387859	0.006876	0.015600	0.001753	
3.9700	0.0318	0.0006	1.8148	0.397281	0.006902	0.097416	0.004160	0.101445	0.004236	0.388258	0.006875	0.015600	0.001753	
3.9800	0.0318	0.0006	1.8135	0.396677	0.006899	0.094610	0.004108	0.103304	0.004269	0.389659	0.006879	0.015749	0.001759	
3.9900	0.0319	0.0006	1.8134	0.397937	0.006905	0.096210	0.004147	0.101147	0.004239	0.388757	0.006879	0.015949	0.001770	
4.0000	0.0320	0.0006	1.8105	0.399082	0.006903	0.094560	0.004107	0.101274	0.004225	0.389084	0.006880	0.016000	0.001775	
4.0100	0.0319	0.0006	1.8096	0.398500	0.006906	0.094408	0.004101	0.100924	0.004236	0.390168	0.006874	0.016000	0.001775	
4.0200	0.0317	0.0006	1.8181	0.395856	0.006902	0.096202	0.004137	0.102468	0.004269	0.389085	0.006874	0.016389	0.001795	
4.0300	0.0319	0.0006	1.8183	0.397517	0.006901	0.097638	0.004162	0.101118	0.004229	0.387327	0.006868	0.016400	0.001796	
4.0400	0.0318	0.0006	1.8206	0.397293	0.006900	0.098580	0.004175	0.101328	0.004234	0.386400	0.006862	0.016400	0.001796	
4.0500	0.0319	0.0006	1.8195	0.397554	0.006904	0.097411	0.004162	0.101987	0.004246	0.386648	0.006872	0.016400	0.001796	
4.0600	0.0319	0.0006	1.8206	0.398166	0.006901	0.097392	0.004157	0.102431	0.004256	0.385551	0.006860	0.016461	0.001797	
4.0700	0.0319	0.0006	1.8215	0.397918	0.006907	0.097092	0.004162	0.102878	0.004272	0.385512	0.006867	0.016600	0.001807	
4.0800	0.0319	0.0006	1.8207	0.398114	0.006904	0.098062	0.004180	0.101474	0.004241	0.385750	0.006868	0.016600	0.001807	
4.0900	0.0320	0.0006	1.8187	0.398810	0.006907	0.097634	0.004169	0.100898	0.004228	0.386059	0.006871	0.016600	0.001807	
4.1000	0.0320	0.0006	1.8188	0.399777	0.006910	0.098776	0.004185	0.099463	0.004201	0.385238	0.006864	0.016746	0.001813	
4.1100	0.0319	0.0006	1.8212	0.398492	0.006905	0.097921	0.004162	0.101421	0.004231	0.385366	0.006862	0.016800	0.001818	
4.1200	0.0320	0.0006	1.8209	0.399675	0.006903	0.098073	0.004183	0.100733	0.004227	0.384561	0.006861	0.016958	0.001824	
4.1300	0.0320	0.0006	1.8203	0.398877	0.006902	0.098359	0.004183	0.100015	0.004212	0.385749	0.006863	0.017000	0.001828	
4.1400	0.0319	0.0006	1.8221	0.398326	0.006903	0.100836	0.004223	0.098481	0.004187	0.385358	0.006857	0.017000	0.001828	
4.1500	0.0320	0.0006	1.8235	0.398697	0.006906	0.101981	0.004252	0.098044	0.004175	0.384279	0.006862	0.017000	0.001828	
4.1600	0.0320	0.0006	1.8225	0.399439	0.006909	0.102740	0.004275	0.096835	0.004157	0.383987	0.006864	0.017000	0.001828	
4.1700	0.0320	0.0006	1.8227	0.398996	0.006909	0.102278	0.004250	0.097393	0.004158	0.384333	0.006863	0.017000	0.001828	
4.1800	0.0320	0.0006	1.8213	0.399278	0.006905	0.102453	0.004265	0.096507	0.004151	0.384762	0.006859	0.017000	0.001828	
4.1900	0.0320	0.0006	1.8236	0.399257	0.006909	0.103839	0.004278	0.096356	0.004144	0.383547	0.006855	0.017000	0.001828	
4.2000	0.0319	0.0006	1.8273	0.398253	0.006906	0.106501	0.004332	0.095600	0.004133	0.382596	0.006853	0.017050	0.001829	
4.2100	0.0319	0.0006	1.8283	0.398174	0.006904	0.105376	0.004309	0.096807	0.004143	0.382443	0.006858	0.017200	0.001839	
4.2200	0.0320	0.0006	1.8270	0.399706	0.006912	0.104577	0.004300	0.096924	0.004158	0.381593	0.006853	0.017200	0.001839	
4.2300	0.0320	0.0006	1.8269	0.399912	0.006908	0.105145	0.004314	0.096353	0.004149	0.381390	0.006849	0.017200	0.001839	
4.2400	0.0320	0.0006	1.8234	0.399713	0.006910	0.104230	0.004290	0.095433	0.004120	0.383424	0.006861	0.017200	0.001839	
4.2500	0.0323	0.0006	1.8223	0.402464	0.006915	0.104463	0.004299	0.094780	0.004108	0.381093	0.006853	0.017200	0.001839	
4.2600	0.0323	0.0006	1.8211	0.402742	0.006915	0.105431	0.004318	0.093304	0.004083	0.381323	0.006850	0.017200	0.001839	
4.2700	0.0323	0.0006	1.8216	0.402491	0.006915	0.104063	0.004279	0.094111	0.004088	0.381831	0.006851	0.017504	0.001851	
4.2800	0.0322	0.0006	1.8226	0.402373	0.006919	0.103431	0.004276	0.094999	0.004120	0.381596	0.006851	0.017600	0.001860	
4.2900	0.0321	0.0006	1.8228	0.401118	0.006910	0.103343	0.004275	0.094874	0.004111	0.382937	0.006855	0.017728	0.001864	
4.3000	0.0320	0.0006	1.8241	0.399793	0.006911	0.101857	0.004241	0.096740	0.004153	0.383811	0.006855	0.017800	0.001870	
4.3100	0.0319	0.0006	1.8252	0.398320	0.006905	0.101057	0.004233	0.097614	0.004160	0.385037	0.006867	0.017972	0.001878	
4.3200	0.0319	0.0006	1.8251	0.398591	0.006907	0.100812	0.004232	0.097745	0.004174	0.384852	0.006865	0.018000	0.001880	
4.3300	0.0320	0.0006	1.8222	0.399518	0.006907	0.099530	0.004200	0.097579	0.004159	0.385373	0.006866	0.018000	0.001880	
4.3400	0.0321	0.0006	1.8202	0.400058	0.006906	0.098423	0.004182	0.097682	0.004161	0.385838	0.006866	0.018000	0.001880	
4.3500	0.0322	0.0006	1.8163	0.402071	0.006918	0.097448	0.004162	0.096744	0.004145	0.385737	0.006870	0.018000	0.001880	
4.3600	0.0323	0.0006	1.8144	0.403527	0.006922	0.096102	0.004133	0.097164	0.004149	0.385208	0.006868	0.018000	0.001880	
4.3700	0.0324	0.0006	1.8141	0.403705	0.006918	0.095092	0.004112	0.098078	0.004172	0.385126	0.006860	0.018000	0.001880	
4.3800	0.0322	0.0006	1.8124	0.401881	0.006912	0.094122	0.004099	0.098143	0.004172	0.387854	0.006873	0.018000	0.001880	
4.3900	0.0321	0.0006	1.8122	0.400699	0.006908	0.094012	0.004093	0.098149	0.004173	0.389140	0.006873	0.018000	0.001880	
4.4000	0.0321	0.0006	1.8088	0.400680	0.006905	0.094386	0.004106	0.096073	0.004137	0.390862	0.006878	0.018000	0.001880	
4.4100	0.0319	0.0006	1.8092	0.398443	0.006908	0.093574	0.004084	0.097038	0.004152	0.392945	0.006891	0.018000	0.001880	
4.4200	0.0319	0.0006	1.8095	0.398139	0.006900	0.093290	0.004079	0.097458	0.004161	0.393113	0.006886	0.018000	0.001880	
4.4300	0.0319	0.0006	1.8096	0.398639	0.006911	0.093648	0.004088	0.097147	0.004161	0.392565	0.006891	0.018000	0.001880	
4.4400	0.0320	0.0006	1.8114	0.399435	0.006911	0.092640	0.004062	0.098913	0.004191	0.390922	0.006883	0.018090	0.001882	
4.4500	0.0319	0.0006	1.8121	0.398176	0.006905	0.090436	0.004029	0.101148	0.004230	0.391946	0.006892	0.018294	0.001893	
4.4600	0.0319	0.0006	1.8137	0.398143	0.006904	0.090373	0.004018	0.101792	0.004243	0.391292	0.006882	0.018400	0.001901	
4.4700	0.0320	0.0006	1.8114	0.399416	0.006909	0.090445	0.004028	0.100571	0.004227	0.391168	0.006885	0.018400	0.001901	
4.4800	0.0320	0.0006	1.8136	0.398710	0.006905	0.091051	0.004038	0.100649	0.004232	0.391025	0.006879	0.018566	0.001908	
4.4900	0.0319	0.0006	1.8129	0.398538	0.006902	0.090888	0.004028	0.100410	0.004208	0.391564	0.006885	0.018600	0.001911	
4.5000	0.0319	0.0006	1.8121	0.398658	0.006905	0.090164	0.004028	0.100774	0.004234	0.391805	0.006886	0.018600	0.001911	
4.5100	0.0318	0.0006	1.8132	0.396362	0.006903	0.090168	0.004023	0.101288	0.004240	0.393572	0.006896	0.018610	0.001911	
4.5200	0.0316	0.0006	1.8138	0.394240	0.006888	0.089438	0.004003	0.101949	0.004249	0.395573	0.006892	0.018800	0.001921	
4.5300	0.0317	0.0006	1.8137	0.395372	0.006894	0.090672	0.004021	0.100557	0.004219	0.394599	0.006890	0.018800	0.001921	
4.5400	0.0318	0.0006	1.8116	0.397272	0.006897	0.091621	0.004047	0.098487	0.004180	0.393820	0.006889	0.018800	0.001921	
4.5500	0.0317	0.0006	1.8141	0.395973	0.006893	0.092988	0.004077	0.098287	0.004182	0.393951	0.006886	0.018800	0.001921	
4.5600	0.0318	0.0006	1.8106	0.396694	0.006900	0.093434	0.004090	0.096113	0.004139	0.394959	0.006898	0.018800	0.001921	
4.5700	0.0317	0.0006	1.8123	0.395659	0.006898	0.094800	0.004111	0.095590	0.004131	0.395150	0.006895	0.018800	0.001921	
4.5800	0.0317	0.0006	1.8118	0.395116	0.006891	0.094008	0.004097	0.095821	0.004124	0.396106	0.006899	0.018949	0.001926	
4.5900	0.0316	0.0006	1.8141	0.394481	0.006900	0.093531	0.004077	0.097300	0.004162	0.395687	0.006897	0.019000	0.001931	
4.6000	0.0317	0.0006	1.8179	0.395647	0.006901	0.095716	0.004128	0.096978	0.004161	0.392660	0.006885	0.019000	0.001931	
4.6100	0.0317	0.0006	1.8202	0.395524	0.006897	0.096146	0.004132	0.097690	0.004162	0.391640	0.006886	0.019000	0.001931	
4.6200	0.0317	0.0006	1.8211	0.395339	0.006897	0.096358	0.004146	0.097920	0.004179	0.391383	0.006883	0.019000	0.001931	
4.6300	0.0318	0.0006	1.8226	0.396269	0.006902	0.097676	0.004177	0.097322	0.004166	0.389732	0.006883	0.019000	0.001931	
4.6400	0.0317	0.0006	1.8228	0.395177	0.006897	0.099216	0.004199	0.095925	0.004143	0.390683	0.006879	0.019000	0.001931	
4.6500	0.0316	0.0006	1.8262	0.393958	0.006892	0.099354	0.004201	0.097181	0.004157	0.390368	0.006883	0.019140	0.001936	
4.6600	0.0316	0.0006	1.8237	0.394070	0.006886	0.099542	0.004212	0.095584	0.004130	0.391604	0.006880	0.019200	0.001941	
4.6700	0.0315	0.0006	1.8213	0.393660	0.006889	0.099673	0.004207	0.094318	0.004100	0.393149	0.006888	0.019200	0.001941	
4.6800	0.0316	0.0006	1.8192	0.393845	0.006892	0.099752	0.004210	0.093222	0.004087	0.393981	0.006890	0.019200	0.001941	
4.6900	0.0314	0.0006	1.8255	0.391899	0.006886	0.101808	0.004246	0.094328	0.004113	0.392765	0.006882	0.019200	0.001941	
4.7000	0.0315	0.0006	1.8261	0.392472	0.006890	0.103680	0.004287	0.092802	0.004072	0.391832	0.006892	0.019214	0.001941	
4.7100	0.0315	0.0006	1.8274	0.392749	0.006891	0.103518	0.004274	0.093134	0.004085	0.391154	0.006880	0.019445	0.001951	
4.7200	0.0314	0.0006	1.8324	0.391474	0.006887	0.103499	0.004271	0.095242	0.004121	0.390185	0.006879	0.019600	0.001961	
4.7300	0.0313	0.0006	1.8333	0.391003	0.006875	0.101929	0.004236	0.097186	0.004135	0.390283	0.006880	0.019600	0.001961	
4.7400	0.0314	0.0006	1.8315	0.391898	0.006886	0.100372	0.004224	0.097783	0.004171	0.390347	0.006883	0.019600	0.001961	
4.7500	0.0314	0.0006	1.8297	0.391949	0.006883	0.099974	0.004214	0.097206	0.004150	0.391227	0.006888	0.019644	0.001961	
4.7600	0.0314	0.0006	1.8299	0.391254	0.006886	0.098770	0.004192	0.097912	0.004177	0.392154	0.006888	0.019910	0.001973	
4.7700	0.0313	0.0006	1.8326	0.391145	0.006884	0.098950	0.004193	0.098886	0.004192	0.391019	0.006883	0.020000	0.001980	
4.7800	0.0313	0.0006	1.8314	0.390843	0.006878	0.099196	0.004194	0.098036	0.004171	0.391925	0.006881	0.020000	0.001980	
4.7900	0.0313	0.0006	1.8335	0.391059	0.006885	0.100627	0.004225	0.097698	0.004174	0.390616	0.006881	0.020000	0.001980	
4.8000	0.0314	0.0006	1.8327	0.392424	0.006884	0.100844	0.004218	0.097098	0.004147	0.389633	0.006875	0.020000	0.001980	
4.8100	0.0313	0.0006	1.8346	0.391194	0.006882	0.101293	0.004243	0.097443	0.004172	0.390000	0.006877	0.020068	0.001981	
4.8200	0.0312	0.0006	1.8382	0.389749	0.006879	0.103279	0.004273	0.097019	0.004160	0.389753	0.006875	0.020200	0.001990	
4.8300	0.0311	0.0006	1.8396	0.388365	0.006873	0.102602	0.004249	0.098416	0.004172	0.390417	0.006879	0.020200	0.001990	
4.8400	0.0311	0.0006	1.8412	0.387829	0.006874	0.101689	0.004238	0.100081	0.004212	0.390201	0.006879	0.020200	0.001990	
4.8500	0.0310	0.0006	1.8450	0.386918	0.006872	0.101741	0.004245	0.102009	0.004252	0.389131	0.006878	0.020200	0.001990	
4.8600	0.0310	0.0006	1.8450	0.387060	0.006868	0.101682	0.004243	0.102057	0.004247	0.389000	0.006877	0.020200	0.001990	
4.8700	0.0309	0.0005	1.8424	0.385749	0.006861	0.099743	0.004209	0.102688	0.004262	0.391620	0.006883	0.020200	0.001990	
4.8800	0.0310	0.0005	1.8411	0.386785	0.006862	0.100256	0.004212	0.101494	0.004228	0.391265	0.006880	0.020200	0.001990	
4.8900	0.0311	0.0006	1.8415	0.388639	0.006875	0.102365	0.004253	0.099570	0.004199	0.389226	0.006878	0.020200	0.001990	
4.9000	0.0313	0.0006	1.8407	0.390481	0.006887	0.102363	0.004261	0.099202	0.004203	0.387754	0.006878	0.020200	0.001990	
4.9100	0.0313	0.0006	1.8432	0.389983	0.006882	0.101882	0.004246	0.100617	0.004224	0.387175	0.006872	0.020343	0.001995	
4.9200	0.0313	0.0006	1.8478	0.390533	0.006884	0.103664	0.004277	0.101134	0.004230	0.384269	0.006862	0.020400	0.001999	
4.9300	0.0314	0.0006	1.8468	0.391298	0.006885	0.102209	0.004252	0.102045	0.004245	0.384047	0.006864	0.020400	0.001999	
4.9400	0.0314	0.0006	1.8455	0.392311	0.006887	0.099580	0.004201	0.104050	0.004279	0.383658	0.006863	0.020400	0.001999	
4.9500	0.0316	0.0006	1.8440	0.393999	0.006893	0.099080	0.004187	0.103803	0.004281	0.382718	0.006854	0.020400	0.001999	
4.9600	0.0316	0.0006	1.8428	0.394214	0.006894	0.098911	0.004201	0.103362	0.004281	0.383113	0.006859	0.020400	0.001999	
4.9700	0.0316	0.0006	1.8444	0.393758	0.006892	0.098190	0.004164	0.104953	0.004299	0.382699	0.006852	0.020400	0.001999	
4.9800	0.0315	0.0006	1.8454	0.393240	0.006887	0.098104	0.004174	0.105566	0.004314	0.382690	0.006852	0.020400	0.001999	
