,"tp53, akt1, ikbkb: (000, 001, 010, 011, 100, 101, 110, 111)"
0,10001010
1,10001010
2,00000000
3,00000000
4,00001000
5,00001010
6,00000000
7,00000000
8,10001000
9,10001110
10,00000000
11,00000000
12,00000000
13,00001110
14,00000000
15,00001110
16,00001110
17,10001110
18,00000000
19,10001000
20,10001000
21,00001010
22,10001110
23,00001110
24,00001010
25,10001100
26,00000000
27,00000000
28,00000000
29,00001000
30,10001110
31,00001000
32,00000000
33,00001010
34,10101110
35,00000000
36,00001000
37,00001000
38,10001110
39,00000000
40,10001010
41,00000000
42,10001110
43,00000000
44,00001010
45,00001010
46,00001110
47,00000000
48,11001110
49,00000000
50,00000000
51,00000000
52,00000000
53,10001010
54,00001100
55,11001110
56,00001110
57,10101010
58,00000000
59,10001110
60,00000000
61,00001000
62,00000000
63,11001100
64,00001110
65,10001110
66,00000000
67,11001110
68,00000000
69,10001110
70,00000000
71,10101010
72,00000000
73,00001000
74,10001110
75,00001100
76,00001010
77,00000000
78,00001000
79,00001000
80,00001100
81,10001110
82,00001010
83,00001100
84,00001010
85,00000000
86,00000000
87,00001010
88,00001110
89,10001110
90,10001100
91,10001110
92,00001110
93,00001010
94,00001000
95,11101110
96,00001010
97,00001100
98,00000000
99,00000000
100,00001000
101,11001110
102,00001000
103,00000000
104,00000000
105,00000000
106,00000000
107,00000000
108,10001100
109,10001110
110,00000000
111,00000000
112,10001110
113,00000000
114,11101110
115,00001110
116,00001010
117,00001000
118,00001000
119,00000000
120,00001010
121,00000000
122,00001010
123,00001000
124,00000000
125,00000000
126,00000000
127,10001110
128,00000000
129,00001000
130,00000000
131,00001100
132,11001100
133,00000000
134,00000000
135,00001000
136,00001010
137,10101110
138,10101110
139,10001110
140,10001100
141,10101110
142,00000000
143,10001110
144,00000000
145,00000000
146,00001000
147,00001000
148,00000000
149,00000000
150,00000000
151,00000000
152,00001000
153,10001110
154,00000000
155,10001010
156,00001000
157,00001000
158,00000000
159,11001100
160,00000000
161,10001110
162,00000000
163,00000000
164,00001010
165,00000000
166,10001110
167,10001010
168,00000000
169,00001000
170,11001110
171,00000000
172,00000000
173,10101110
174,00001010
175,00000000
176,00000000
177,00001000
178,00000000
179,00000000
180,00000000
181,00001000
182,00000000
183,00000000
184,00000000
185,11001100
186,00001000
187,00000000
188,00001100
189,00000000
190,00000000
191,11001110
192,00001110
193,11101110
194,00001000
195,00000000
196,00000000
197,10101110
198,00000000
199,00000000
200,00000000
201,00001100
202,00001100
203,00000000
204,00001010
205,11001100
206,11001100
207,00000000
208,00000000
209,00000000
210,00000000
211,00000000
212,10001110
213,11101110
214,10001110
215,00000000
216,00001000
217,00000000
218,00000000
219,11001110
220,00001100
221,00000000
222,00001110
223,10101110
224,00000000
225,00000000
226,10001110
227,00000000
228,00001110
229,10001000
230,00000000
231,11001100
232,00000000
233,10001110
234,00000000
235,10001110
236,00000000
237,00001110
238,00000000
239,11001110
240,00000000
241,11001110
242,11001110
243,11001110
244,00000000
245,00001000
246,10001010
247,00001000
248,10001110
249,11001110
250,00000000
251,00000000
252,00001000
253,10001110
254,00000000
255,10001100
256,11001110
257,00001000
258,00000000
259,10001100
260,10001110
261,11101110
262,00001000
263,00000000
264,10001100
265,00000000
266,00001100
267,00001110
268,11001110
269,10001110
270,00000000
271,00001100
272,10001010
273,10101010
274,00000000
275,00001010
276,10001110
277,00001110
278,00000000
279,00000000
280,00001100
281,00001000
282,10001000
283,00001010
284,00001000
285,00000000
286,00000000
287,00001000
288,00000000
289,11101110
290,00000000
291,10001100
292,00000000
293,00000000
294,10101010
295,00000000
296,00000000
297,11001110
298,00001100
299,00000000
300,00000000
301,10001110
302,00000000
303,00000000
304,00000000
305,00000000
306,00000000
307,00000000
308,00000000
309,00001000
310,00000000
311,10001110
312,10001110
313,11101110
314,00001000
315,10001010
316,00000000
317,10101010
318,00001000
319,00001110
320,00001100
321,10001000
322,00000000
323,00001100
324,00000000
325,00000000
326,00000000
327,00001000
328,10001110
329,00000000
330,00001000
331,10001110
332,10101110
333,10001010
334,00001000
335,00000000
336,00001100
337,00000000
338,10001100
339,10101110
340,00000000
341,10101110
342,00000000
343,10001110
344,00000000
345,00001000
346,00001110
347,11001100
348,10001110
349,10001110
350,00000000
351,00001000
352,00001000
353,00000000
354,00000000
355,00000000
356,00000000
357,10001000
358,00000000
359,00000000
360,10001110
361,00000000
362,11101110
363,00000000
364,00000000
365,00000000
366,10001000
367,10101110
368,00001000
369,00000000
370,10001110
371,00001110
372,00000000
373,00000000
374,00001000
375,00001110
376,10001010
377,00000000
378,10101010
379,10001110
380,00001110
381,00000000
382,00000000
383,00000000
384,00000000
385,00000000
386,11001110
387,00000000
388,00001000
389,00000000
390,11001110
391,10001110
392,00000000
393,00000000
394,00000000
395,10001110
396,10001110
397,10001110
398,10001110
399,10001110
400,00000000
401,00000000
402,00000000
403,11001110
404,00000000
405,10001010
406,10101010
407,00001110
408,00000000
409,00000000
410,00001100
411,00000000
412,00000000
413,00000000
414,00000000
415,00000000
416,10101110
417,00001010
418,00000000
419,00000000
420,00000000
421,00000000
422,00000000
423,00001010
424,00000000
425,00000000
426,11001110
427,00001000
428,00001100
429,00001110
430,10001010
431,10001010
432,00000000
433,00000000
434,00001110
435,00001000
436,00001000
437,10001010
438,00000000
439,00000000
440,10001110
441,00000000
442,00001010
443,10101110
444,10001110
445,00001000
446,00001000
447,10001110
448,10001110
449,11101110
450,00001000
451,00001110
452,10001110
453,00000000
454,00000000
455,00000000
456,00001000
457,00001110
458,00000000
459,00000000
460,00000000
461,00001000
462,00000000
463,10001000
464,10001110
465,00001000
466,10001010
467,11101110
468,00001000
469,00000000
470,00001000
471,00001010
472,00000000
473,00000000
474,10101010
475,00000000
476,00000000
477,00001110
478,00000000
479,00001000
480,00001000
481,00000000
482,10101110
483,00000000
484,00000000
485,10001100
486,10101010
487,00000000
488,00000000
489,11101110
490,00001000
491,00000000
492,11101110
493,00001000
494,00000000
495,00001000
496,00000000
497,00000000
498,00001010
499,00001100
500,10001110
501,00001110
502,00000000
503,00000000
504,00000000
505,00000000
506,11001100
507,00001000
508,00001000
509,00000000
510,00000000
511,11101110
512,10001000
513,10001110
514,10101110
515,00001000
516,00001100
517,00000000
518,00000000
519,00000000
520,10001110
521,00000000
522,00000000
523,00000000
524,10001110
525,00001110
526,00000000
527,00001010
528,00001000
529,11001100
530,00000000
531,00000000
532,00000000
533,00001000
534,00000000
535,00001010
536,10001110
537,00000000
538,00001010
539,10001010
540,00000000
541,00001010
542,00001000
543,10001110
544,00000000
545,00001010
546,00001000
547,00000000
548,00000000
549,00001000
550,00000000
551,10001000
552,00001000
553,10001110
554,10001110
555,00000000
556,00001010
557,00001000
558,00000000
559,11001110
560,00000000
561,10101110
562,00000000
563,00000000
564,00001010
565,00001000
566,10001010
567,11101110
568,00000000
569,10001110
570,10001000
571,00001010
572,00001010
573,00000000
574,00000000
575,00001010
576,10001110
577,00001000
578,00000000
579,00000000
580,10001110
581,10001110
582,00001000
583,00000000
584,10001010
585,00001000
586,10001010
587,10101010
588,00001100
589,00000000
590,00001100
591,10001010
592,00001010
593,10001010
594,00000000
595,00000000
596,00000000
597,00001010
598,00000000
599,10001110
600,10001010
601,00001000
602,00001000
603,00001000
604,00001010
605,10001010
606,00001110
607,00000000
608,00000000
609,10001100
610,00001000
611,11001110
612,10101010
613,00000000
614,00001000
615,10001000
616,00000000
617,00001000
618,00001000
619,00001000
620,10001110
621,00001000
622,10001110
623,00000000
624,00001000
625,00000000
626,00001100
627,11101110
628,10001010
629,10001010
630,10001110
631,10001110
632,00000000
633,00001100
634,00000000
635,00000000
636,00000000
637,00000000
638,00001010
639,10001010
640,10001110
641,00000000
642,11001110
643,10001000
644,00000000
645,00000000
646,00000000
647,00000000
648,00000000
649,10001110
650,00000000
651,00000000
652,10001110
653,10001000
654,10001000
655,00000000
656,10101110
657,11001110
658,10001000
659,00000000
660,00001000
661,00001010
662,00000000
663,00000000
664,10101010
665,00001000
666,00000000
667,00000000
668,10001110
669,00000000
670,00000000
671,10001000
672,00000000
673,00000000
674,10001110
675,00000000
676,00001010
677,10001110
678,00000000
679,00001100
680,10001000
681,00001110
682,10101110
683,00001000
684,10101110
685,00000000
686,10001110
687,11101110
688,00000000
689,00000000
690,00000000
691,00001000
692,00000000
693,00000000
694,11101110
695,10001110
696,10001010
697,00000000
698,10101010
699,00001000
700,10101010
701,00001010
702,00001010
703,10001000
704,00000000
705,00000000
706,00000000
707,10001010
708,00000000
709,10001110
710,00000000
711,00000000
712,00000000
713,00000000
714,00000000
715,10001010
716,00000000
717,00000000
718,00000000
719,10001110
720,00000000
721,00000000
722,10001000
723,00000000
724,11101110
725,00000000
726,00000000
727,10001110
728,00000000
729,11001100
730,10001010
731,00001100
732,10001010
733,10001010
734,10001110
735,11001110
736,00001110
737,10001110
738,00000000
739,00000000
740,10001110
741,00000000
742,10001110
743,00001110
744,00000000
745,10101010
746,10001010
747,00000000
748,00001010
749,00001010
750,00000000
751,00000000
752,00000000
753,00000000
754,00001110
755,00001000
756,00000000
757,00000000
758,00001000
759,00000000
760,00001010
761,11001110
762,00001000
763,00000000
764,00000000
765,00001110
766,00000000
767,00000000
768,00000000
769,00000000
770,00001110
771,00000000
772,11001110
773,00001010
774,00000000
775,00000000
776,00000000
777,00000000
778,00000000
779,00001110
780,00001000
781,00000000
782,00001000
783,00000000
784,00001000
785,00000000
786,00000000
787,00001010
788,11001110
789,10001110
790,11101110
791,00000000
792,10001110
793,00001100
794,11101110
795,10101010
796,00001000
797,10001110
798,10001110
799,00000000
800,00000000
801,00000000
802,00000000
803,00000000
804,00000000
805,00001100
806,00000000
807,00000000
808,00000000
809,00000000
810,10101010
811,00000000
812,00001000
813,00001000
814,00001010
815,00000000
816,00000000
817,00000000
818,00000000
819,00000000
820,11101110
821,00001000
822,00000000
823,00001100
824,10101010
825,10001110
826,11001110
827,00001000
828,10101010
829,11101110
830,00000000
831,00000000
832,10101110
833,10001110
834,00001010
835,10101110
836,00001010
837,10001110
838,00000000
839,10001100
840,00001000
841,10001110
842,00001000
843,00001110
844,10101010
845,00000000
846,00000000
847,10101010
848,00000000
849,00000000
850,00000000
851,00000000
852,00000000
853,10001110
854,00000000
855,10101010
856,10001000
857,11001100
858,00001000
859,00000000
860,10101110
861,10001110
862,00000000
863,00001000
864,10101010
865,00001000
866,00001010
867,10001110
868,00000000
869,00001110
870,00001000
871,10001110
872,10001110
873,00000000
874,10001110
875,10001110
876,00000000
877,10101010
878,00000000
879,10001110
880,11001110
881,10001100
882,00001000
883,10001110
884,10001110
885,11001110
886,00000000
887,00000000
888,00001000
889,00000000
890,11001110
891,00000000
892,10001000
893,00000000
894,10001110
895,00000000
896,10001110
897,10101110
898,00001000
899,10001000
900,10001000
901,00000000
902,10001110
903,00001000
904,10101110
905,00001010
906,00000000
907,10101110
908,00000000
909,10001110
910,00000000
911,00000000
912,00000000
913,00000000
914,00000000
915,00000000
916,00001000
917,10001010
918,00000000
919,00000000
920,11001110
921,00000000
922,00001000
923,11001110
924,00001000
925,00000000
926,00000000
927,00001000
928,10001110
929,00000000
930,10101010
931,00001000
932,10001110
933,00000000
934,00000000
935,00000000
936,10001110
937,00001000
938,10101010
939,00000000
940,10101110
941,00000000
942,10101010
943,10001010
944,10001000
945,00000000
946,00000000
947,00000000
948,00001000
949,00001000
950,10101110
951,00001000
952,00000000
953,10001110
954,00001110
955,00001000
956,00000000
957,00000000
958,00001010
959,00000000
960,00000000
961,10101110
962,00000000
963,00000000
964,00001010
965,11001110
966,00000000
967,10001110
968,00001010
969,00000000
970,00000000
971,00000000
972,10001110
973,00000000
974,00001000
975,10001000
976,00000000
977,00000000
978,11101110
979,10001110
980,00000000
981,00001000
982,10001110
983,00001010
984,10001110
985,10001000
986,00001000
987,11001110
988,00000000
989,11001110
990,00000000
991,10001110
992,00001100
993,00000000
994,00000000
995,00000000
996,10001110
997,10001110
998,11101110
999,00000000
1000,00000000
1001,00000000
1002,00000000
1003,10001110
1004,10101010
1005,00000000
1006,10001100
1007,11001110
1008,00001000
1009,00000000
1010,00000000
1011,00000000
1012,00000000
1013,10001000
1014,00001010
1015,00000000
1016,10001110
1017,00001010
1018,10001110
1019,00000000
1020,10001110
1021,00000000
1022,00001000
1023,00001010
1024,00000000
1025,00000000
1026,10101110
1027,10001110
1028,00001000
1029,00000000
1030,00000000
1031,10101010
1032,10001110
1033,00000000
1034,00000000
1035,00000000
1036,00001010
1037,00001000
1038,10001110
1039,11101110
1040,00001110
1041,00000000
1042,10001110
1043,10001000
1044,10001110
1045,00000000
1046,10001110
1047,00001000
1048,00000000
1049,00001110
1050,10001110
1051,00000000
1052,00000000
1053,00001000
1054,00000000
1055,00001100
1056,00000000
1057,10001010
1058,00000000
1059,00000000
1060,00000000
1061,10001010
1062,00001000
1063,10001110
1064,10001110
1065,00000000
1066,00000000
1067,00000000
1068,11101110
1069,00001000
1070,00000000
1071,10001110
1072,00000000
1073,00000000
1074,00000000
1075,00000000
1076,00000000
1077,00000000
1078,00000000
1079,10001110
1080,00000000
1081,10001110
1082,00001000
1083,00000000
1084,00000000
1085,00000000
1086,10001110
1087,10001010
1088,00000000
1089,10001110
1090,00000000
1091,00001110
1092,10101110
1093,00000000
1094,00000000
1095,00001000
1096,00000000
1097,00001010
1098,11101110
1099,10001110
1100,00001100
1101,10001110
1102,11101110
1103,00000000
1104,00000000
1105,00001000
1106,00001010
1107,00001000
1108,00000000
1109,10001000
1110,00001110
1111,10001000
1112,00000000
1113,00000000
1114,00000000
1115,10101010
1116,00001010
1117,00000000
1118,00001010
1119,11001110
1120,10001010
1121,10001000
1122,00000000
1123,10001110
1124,10001010
1125,10001100
1126,10101110
1127,00000000
1128,00000000
1129,10101110
1130,00001000
1131,00000000
1132,00000000
1133,11001110
1134,11001110
1135,00000000
1136,00000000
1137,00000000
1138,00001000
1139,11001110
1140,00000000
1141,00001110
1142,00000000
1143,00001000
1144,00001000
1145,10001110
1146,00000000
1147,10001010
1148,11001100
1149,00000000
1150,00001100
1151,10001010
1152,00001000
1153,11001110
1154,00001000
1155,00001010
1156,00000000
1157,00000000
1158,00001110
1159,00001000
1160,10101110
1161,00000000
1162,00000000
1163,00001110
1164,00000000
1165,00000000
1166,11001110
1167,00001010
1168,11001110
1169,00000000
1170,00000000
1171,00000000
1172,00000000
1173,00001000
1174,00001110
1175,00001000
1176,10001110
1177,00001100
1178,00000000
1179,10001100
1180,00000000
1181,00000000
1182,00001000
1183,00000000
1184,10101110
1185,00000000
1186,10001110
1187,00000000
1188,10001000
1189,00000000
1190,00001010
1191,00001000
1192,10001110
1193,00001010
1194,00001110
1195,00001110
1196,11101110
1197,00001010
1198,00001000
1199,00001000
1200,00000000
1201,00000000
1202,10001000
1203,00000000
1204,00001000
1205,00000000
1206,11101110
1207,00001100
1208,10001110
1209,00000000
1210,10001110
1211,00000000
1212,10101110
1213,10001010
1214,00001010
1215,10001010
1216,00000000
1217,00001000
1218,00000000
1219,10101110
1220,00001100
1221,10101010
1222,00000000
1223,00001010
1224,00000000
1225,10101110
1226,00000000
1227,00000000
1228,00001010
1229,00000000
1230,00000000
1231,10001010
1232,00000000
1233,00000000
1234,00000000
1235,00001010
1236,00000000
1237,00000000
1238,00001010
1239,00000000
1240,00001000
1241,00001000
1242,00000000
1243,10001000
1244,00000000
1245,10001110
1246,00000000
1247,10001000
1248,11101110
1249,00000000
1250,10001110
1251,00000000
1252,10001110
1253,00001000
1254,00001100
1255,10001010
1256,00001000
1257,10001010
1258,10001110
1259,10101010
1260,00000000
1261,10001110
1262,10101010
1263,00000000
1264,00000000
1265,00000000
1266,00001000
1267,11001110
1268,00000000
1269,00000000
1270,00001010
1271,00001010
1272,10001110
1273,00000000
1274,00000000
1275,00001000
1276,00000000
1277,00000000
1278,00000000
1279,00001000
1280,00000000
1281,00000000
1282,10101010
1283,00000000
1284,00000000
1285,00000000
1286,00001000
1287,00001000
1288,00000000
1289,00000000
1290,00001000
1291,00001000
1292,00001100
1293,00000000
1294,10101110
1295,10001110
1296,00000000
1297,00001000
1298,00000000
1299,00000000
1300,11001100
1301,00000000
1302,11001110
1303,00000000
1304,00001000
1305,00001100
1306,00000000
1307,00000000
1308,11001100
1309,10001010
1310,10001100
1311,00001000
1312,10001110
1313,10001110
1314,10101110
1315,00000000
1316,00001000
1317,00000000
1318,00001000
1319,00000000
1320,00001000
1321,00000000
1322,00001000
1323,00000000
1324,10101110
1325,00001000
1326,00000000
1327,10001110
1328,00000000
1329,00000000
1330,00001010
1331,00000000
1332,00001010
1333,00001000
1334,00000000
1335,11001110
1336,00000000
1337,00000000
1338,00000000
1339,00000000
1340,00000000
1341,00000000
1342,00000000
1343,00000000
1344,00000000
1345,11001110
1346,10001110
1347,00001000
1348,00001110
1349,11001100
1350,00001000
1351,00000000
1352,11101110
1353,00000000
1354,10001110
1355,00000000
1356,11001110
1357,00001000
1358,00000000
1359,00001000
1360,00000000
1361,00000000
1362,11001110
1363,10101110
1364,00001010
1365,00000000
1366,00000000
1367,00001000
1368,00000000
1369,00000000
1370,00000000
1371,00001000
1372,11001110
1373,10101110
1374,11001110
1375,00000000
1376,11001110
1377,00000000
1378,10001000
1379,00000000
1380,00001010
1381,00001000
1382,00001010
1383,00001000
1384,00000000
1385,00000000
1386,00000000
1387,00000000
1388,10001110
1389,10001010
1390,00000000
1391,00001000
1392,10001110
1393,11001110
1394,00001010
1395,00001010
1396,00000000
1397,10101010
1398,00001000
1399,00000000
1400,10001110
1401,10001110
1402,00000000
1403,00000000
1404,10001010
1405,10001010
1406,00001110
1407,00000000
1408,10001110
1409,00001000
1410,00000000
1411,00000000
1412,10001010
1413,10101010
1414,00001000
1415,00000000
1416,00000000
1417,00001000
1418,00001010
1419,10001010
1420,10001010
1421,00000000
1422,00000000
1423,00001010
1424,00001100
1425,11001110
1426,00000000
1427,10001110
1428,00001000
1429,10001110
1430,00001110
1431,10001110
1432,00000000
1433,10001110
1434,00001110
1435,00001000
1436,00000000
1437,00001010
1438,00000000
1439,00000000
1440,00001000
1441,00001000
1442,00000000
1443,00001000
1444,00000000
1445,10001000
1446,11101110
1447,00000000
1448,00001010
1449,00000000
1450,10001110
1451,00001000
1452,00000000
1453,10101110
1454,00000000
1455,10101110
1456,00000000
1457,00000000
1458,00000000
1459,10001100
1460,00001000
1461,00000000
1462,00001000
1463,00001010
1464,00000000
1465,10101010
1466,10101010
1467,00000000
1468,11101110
1469,00000000
1470,10001110
1471,10001000
1472,10001110
1473,00001100
1474,10101010
1475,00000000
1476,00001000
1477,00000000
1478,10001010
1479,00000000
1480,00001110
1481,10001110
1482,00001000
1483,00000000
1484,00000000
1485,00000000
1486,10001110
1487,00001110
1488,11101110
1489,00000000
1490,10001010
1491,00000000
1492,00000000
1493,00000000
1494,00000000
1495,00000000
1496,11001110
1497,11001110
1498,10001010
1499,00001010
1500,10001000
1501,00001000
1502,00000000
1503,00001000
1504,00000000
1505,10001110
1506,00000000
1507,00001000
1508,00001000
1509,00000000
1510,10001110
1511,00000000
1512,11001110
1513,00001000
1514,00000000
1515,10001110
1516,00000000
1517,00001100
1518,00001010
1519,00000000
1520,10001110
1521,00001000
1522,00000000
1523,10101110
1524,10101110
1525,00000000
1526,10101010
1527,00000000
1528,00000000
1529,00000000
1530,10001000
1531,10001010
1532,00000000
1533,00000000
1534,11001110
1535,10101010
1536,00000000
1537,00000000
1538,00000000
1539,00000000
1540,00000000
1541,00000000
1542,00000000
1543,10001010
1544,00000000
1545,00000000
1546,00001010
1547,10101110
1548,00000000
1549,00000000
1550,10001110
1551,10001010
1552,00001000
1553,10001110
1554,00001010
1555,00000000
1556,00000000
1557,00001110
1558,10001110
1559,10001110
1560,00000000
1561,00001000
1562,00000000
1563,00000000
1564,10001110
1565,00000000
1566,10001000
1567,11001110
1568,00000000
1569,00000000
1570,10001000
1571,00000000
1572,00001010
1573,10001110
1574,10001110
1575,00000000
1576,10001010
1577,10001110
1578,00000000
1579,00001000
1580,00001100
1581,00001000
1582,00000000
1583,00001000
1584,10101110
1585,00001000
1586,10101110
1587,00000000
1588,00000000
1589,10001000
1590,10101010
1591,10101110
1592,00000000
1593,11101110
1594,10001000
1595,10001010
1596,00001000
1597,00001110
1598,00001100
1599,00000000
1600,00000000
1601,00001010
1602,00000000
1603,00000000
1604,00000000
1605,00001010
1606,11101110
1607,11001110
1608,00001000
1609,00000000
1610,00001000
1611,10001100
1612,00000000
1613,00001000
1614,10101010
1615,10101110
1616,00001000
1617,00001000
1618,00000000
1619,00001000
1620,00001000
1621,10001110
1622,00001000
1623,00000000
1624,00001000
1625,00001010
1626,00000000
1627,00000000
1628,00001010
1629,10001110
1630,10001000
1631,10001110
1632,00000000
1633,00000000
1634,00001000
1635,11101110
1636,00000000
1637,00000000
1638,11101110
1639,00000000
1640,00000000
1641,11001100
1642,00000000
1643,00001100
1644,10001100
1645,10001110
1646,00001000
1647,00001100
1648,00000000
1649,00001000
1650,00000000
1651,00001000
1652,00001100
1653,00000000
1654,00000000
1655,00000000
1656,10001110
1657,00001100
1658,00000000
1659,00001000
1660,11001100
1661,10001100
1662,10001110
1663,00000000
1664,00001100
1665,10001100
1666,00000000
1667,10001000
1668,00000000
1669,10001000
1670,11001110
1671,10001110
1672,00000000
1673,10001110
1674,10101110
1675,00000000
1676,10001000
1677,00001110
1678,10001000
1679,10101110
1680,00000000
1681,00001110
1682,00000000
1683,00000000
1684,00000000
1685,00001110
1686,00000000
1687,10001110
1688,10001010
1689,10001010
1690,00000000
1691,00001110
1692,00001110
1693,00001010
1694,00001010
1695,00001000
1696,00000000
1697,00000000
1698,00000000
1699,00000000
1700,10101110
1701,10001110
1702,00000000
1703,00000000
1704,10001100
1705,11001110
1706,10001110
1707,00001100
1708,00000000
1709,00001010
1710,00000000
1711,00001000
1712,00000000
1713,00000000
1714,00000000
1715,00000000
1716,00001000
1717,00000000
1718,00001010
1719,00000000
1720,00000000
1721,00000000
1722,10001110
1723,10001110
1724,00000000
1725,00001110
1726,00001110
1727,00001000
1728,00000000
1729,11001110
1730,11101110
1731,10101010
1732,11001110
1733,10101110
1734,10001110
1735,00001110
1736,00000000
1737,00000000
1738,10001110
1739,10001010
1740,00000000
1741,00001110
1742,00001100
1743,10101110
1744,00000000
1745,00000000
1746,00001000
1747,00001100
1748,00001010
1749,00000000
1750,10101010
1751,10001110
1752,00001000
1753,00000000
1754,00001000
1755,00001010
1756,10001010
1757,10001110
1758,10101110
1759,11001110
1760,00000000
1761,10101110
1762,10001100
1763,11001100
1764,00000000
1765,00000000
1766,00000000
1767,11001110
1768,00000000
1769,10001110
1770,00000000
1771,00001000
1772,00000000
1773,10001000
1774,10001110
1775,10001110
1776,00000000
1777,10001110
1778,00001000
1779,00001100
1780,00000000
1781,00001010
1782,10101110
1783,00000000
1784,00000000
1785,10001110
1786,00001010
1787,00001010
1788,00000000
1789,00001000
1790,00000000
1791,10001000
1792,10001110
1793,00001000
1794,00001000
1795,00001110
1796,00001000
1797,00000000
1798,11001110
1799,10001110
1800,00000000
1801,00000000
1802,00000000
1803,00000000
1804,10001010
1805,10001010
1806,00000000
1807,00001000
1808,00000000
1809,00001000
1810,00000000
1811,00000000
1812,10001110
1813,00001110
1814,11101110
1815,00001000
1816,00000000
1817,10101110
1818,00000000
1819,10001110
1820,11001110
1821,00000000
1822,10001110
1823,00000000
1824,00000000
1825,10001010
1826,00001010
1827,00000000
1828,00000000
1829,11001110
1830,10101110
1831,00000000
1832,00000000
1833,00001010
1834,00001010
1835,10001010
1836,11001110
1837,00000000
1838,00000000
1839,00000000
1840,00000000
1841,10001110
1842,00000000
1843,00001110
1844,00000000
1845,11001110
1846,00001000
1847,00000000
1848,11001110
1849,00000000
1850,10001100
1851,10001100
1852,00001000
1853,00001000
1854,00000000
1855,10001100
1856,10001000
1857,00001000
1858,00000000
1859,11101110
1860,00001000
1861,00000000
1862,11001110
1863,00000000
1864,00000000
1865,00000000
1866,00000000
1867,10001110
1868,00000000
1869,10001000
1870,10001000
1871,00001110
1872,00001000
1873,00000000
1874,10101110
1875,00001010
1876,00000000
1877,00000000
1878,00001000
1879,10001110
1880,10001110
1881,10001110
1882,00001110
1883,00000000
1884,00000000
1885,00000000
1886,10001110
1887,00001000
1888,00000000
1889,00000000
1890,00000000
1891,00000000
1892,00000000
1893,00000000
1894,00001000
1895,00000000
1896,00000000
1897,10101110
1898,00000000
1899,00000000
1900,10001000
1901,10001010
1902,10101110
1903,10001000
1904,00000000
1905,11101110
1906,00001010
1907,00000000
1908,11001110
1909,00000000
1910,00001000
1911,00001000
1912,10001000
1913,10001010
1914,00000000
1915,11101110
1916,10001110
1917,10001110
1918,00000000
1919,00001000
1920,00000000
1921,00001000
1922,00000000
1923,00000000
1924,00000000
1925,00000000
1926,00001010
1927,00000000
1928,00001000
1929,11001110
1930,10101110
1931,10001010
1932,00001110
1933,11001110
1934,00000000
1935,00000000
1936,00000000
1937,00000000
1938,00001100
1939,10001110
1940,11101110
1941,00000000
1942,00000000
1943,00000000
1944,00000000
1945,00001000
1946,00001000
1947,00001100
1948,00000000
1949,00000000
1950,00000000
1951,10001110
1952,00001000
1953,10001110
1954,00000000
1955,11101110
1956,00000000
1957,00001110
1958,00001000
1959,10001100
1960,11101110
1961,00001000
1962,10001110
1963,00001000
1964,00000000
1965,10001010
1966,10001010
1967,10001010
1968,00000000
1969,00000000
1970,00001100
1971,00000000
1972,10001110
1973,10101110
1974,10001110
1975,00000000
1976,10001110
1977,00000000
1978,11101110
1979,00000000
1980,11001100
1981,00000000
1982,00000000
1983,00000000
1984,10001010
1985,00000000
1986,00000000
1987,00000000
1988,00001100
1989,10001100
1990,10001110
1991,00001010
1992,00000000
1993,10001110
1994,11101110
1995,00000000
1996,00001000
1997,00000000
1998,00001110
1999,00000000
2000,00001010
2001,00000000
2002,00000000
2003,00000000
2004,10101110
2005,00001000
2006,00000000
2007,00001000
2008,00001010
2009,00000000
2010,00000000
2011,00001100
2012,00000000
2013,00001000
2014,10001110
2015,10001010
2016,00000000
2017,00000000
2018,00000000
2019,00000000
2020,00001000
2021,00000000
2022,00000000
2023,00000000
2024,10001110
2025,00000000
2026,00000000
2027,11001110
2028,00000000
2029,00001100
2030,00000000
2031,10001100
2032,10001110
2033,00001110
2034,10001110
2035,10101010
2036,00001000
2037,00000000
2038,10101010
2039,10001110
2040,00000000
2041,00000000
2042,00000000
2043,10101010
2044,00000000
2045,00001010
2046,00000000
2047,00001100
2048,00000000
2049,10001110
2050,10001110
2051,10101110
2052,00001110
2053,11101110
2054,00000000
2055,00000000
2056,00001000
2057,00001100
2058,00001100
2059,10001110
2060,00001000
2061,00000000
2062,00000000
2063,00000000
2064,00001110
2065,10001110
2066,00001000
2067,00001000
2068,10001010
2069,11101110
2070,00000000
2071,10001100
2072,00000000
2073,00001000
2074,00000000
2075,00000000
2076,10001110
2077,10101110
2078,11101110
2079,00001100
2080,00000000
2081,00001000
2082,10001110
2083,00001000
2084,00001010
2085,10001010
2086,00000000
2087,00000000
2088,10101110
2089,00001000
2090,10001010
2091,00000000
2092,00001010
2093,00001000
2094,00000000
2095,11001110
2096,00001010
2097,00001000
2098,10001110
2099,00001000
2100,10001110
2101,00001100
2102,00000000
2103,00000000
2104,10101110
2105,10101010
2106,00000000
2107,00000000
2108,00001100
2109,00000000
2110,00001010
2111,00000000
2112,00000000
2113,00000000
2114,00001000
2115,11101110
2116,10101110
2117,00000000
2118,00001000
2119,10001110
2120,11101110
2121,10001010
2122,10001110
2123,00000000
2124,00000000
2125,10001010
2126,00000000
2127,00000000
2128,00000000
2129,00000000
2130,00000000
2131,00000000
2132,00000000
2133,00000000
2134,00000000
2135,00001010
2136,00000000
2137,11101110
2138,10001010
2139,11101110
2140,00000000
2141,00001100
2142,10001110
2143,00000000
2144,00001100
2145,11001110
2146,10001010
2147,10101110
2148,00001000
2149,00001000
2150,00000000
2151,10101010
2152,00000000
2153,00000000
2154,00000000
2155,00001000
2156,00000000
2157,00000000
2158,00000000
2159,00000000
2160,10001010
2161,00001000
2162,00000000
2163,00000000
2164,10001000
2165,00000000
2166,00000000
2167,00000000
2168,00001000
2169,10101010
2170,00000000
2171,00001000
2172,10001000
2173,00001010
2174,00000000
2175,00001010
2176,00001010
2177,00000000
2178,10101110
2179,10001110
2180,00000000
2181,00000000
2182,11001110
2183,00001000
2184,00000000
2185,00001010
2186,00001000
2187,00001000
2188,00001110
2189,10001110
2190,11001110
2191,00000000
2192,00001000
2193,00000000
2194,00000000
2195,00001000
2196,11101110
2197,11001110
2198,10001000
2199,11001110
2200,00000000
2201,00000000
2202,00000000
2203,00001100
2204,10001100
2205,00001000
2206,00001000
2207,00000000
2208,10101110
2209,10101010
2210,10001110
2211,00001000
2212,00000000
2213,10001000
2214,00001100
2215,00000000
2216,10101010
2217,00000000
2218,10101110
2219,00000000
2220,00000000
2221,10101010
2222,00001000
2223,00000000
2224,10001110
2225,10101110
2226,10001010
2227,00001000
2228,00001010
2229,10101010
2230,00001010
2231,00001110
2232,00001000
2233,00000000
2234,00000000
2235,00000000
2236,10101010
2237,10001110
2238,00001000
2239,00000000
2240,00001000
2241,00001000
2242,11101110
2243,10001110
2244,00000000
2245,00000000
2246,00000000
2247,00000000
2248,00001110
2249,00001000
2250,00001100
2251,10001100
2252,00001000
2253,10001110
2254,10001010
2255,00000000
2256,11101110
2257,11001110
2258,11101110
2259,00000000
2260,00000000
2261,10101010
2262,00000000
2263,10001110
2264,00000000
2265,10001110
2266,11001110
2267,10001110
2268,00001110
2269,10001100
2270,00001010
2271,00000000
2272,00000000
2273,00001100
2274,00001010
2275,00001110
2276,00001100
2277,00001000
2278,00001010
2279,00000000
2280,10001110
2281,00000000
2282,00001000
2283,00000000
2284,00000000
2285,00000000
2286,00000000
2287,10001000
2288,00001000
2289,10001100
2290,00000000
2291,10001000
2292,00001110
2293,00000000
2294,11101110
2295,00001010
2296,00000000
2297,11001110
2298,00000000
2299,00000000
2300,00000000
2301,00000000
2302,10001010
2303,00000000
2304,00001000
2305,10001110
2306,11101110
2307,00000000
2308,00000000
2309,00001110
2310,00000000
2311,00000000
2312,00000000
2313,11001110
2314,00000000
2315,00000000
2316,00000000
2317,10001110
2318,00001000
2319,10101010
2320,00000000
2321,11001110
2322,00000000
2323,00000000
2324,00001000
2325,00001010
2326,00000000
2327,00000000
2328,00000000
2329,00000000
2330,10001110
2331,00001110
2332,00000000
2333,00000000
2334,10001110
2335,00000000
2336,00001000
2337,10001110
2338,10001110
2339,00000000
2340,00001000
2341,00000000
2342,00000000
2343,00000000
2344,10101110
2345,10001110
2346,00001000
2347,10101110
2348,00000000
2349,00000000
2350,00001000
2351,00001100
2352,00000000
2353,00000000
2354,00000000
2355,00001000
2356,00000000
2357,00001110
2358,00000000
2359,11101110
2360,10001010
2361,00001000
2362,11101110
2363,00000000
2364,10001010
2365,00001000
2366,00001010
2367,10001110
2368,00001000
2369,00000000
2370,00000000
2371,00001110
2372,00001100
2373,00000000
2374,10101110
2375,00001000
2376,10101010
2377,00000000
2378,00001000
2379,00000000
2380,00001010
2381,00000000
2382,00000000
2383,00001000
2384,00000000
2385,00000000
2386,10101110
2387,00000000
2388,10001110
2389,00001000
2390,00001000
2391,00000000
2392,00001010
2393,11001100
2394,00001010
2395,00000000
2396,00000000
2397,00001110
2398,00001000
2399,11101110
2400,00001010
2401,10001110
2402,00000000
2403,00001000
2404,00001000
2405,10001110
2406,00001000
2407,00000000
2408,00000000
2409,10001110
2410,00000000
2411,10001110
2412,00001000
2413,00000000
2414,00001000
2415,00001100
2416,00001000
2417,00001000
2418,00000000
2419,00000000
2420,00001100
2421,10001000
2422,00000000
2423,10001010
2424,11001100
2425,00000000
2426,00001000
2427,00001000
2428,00000000
2429,00001100
2430,00001100
2431,00001000
2432,00001000
2433,10001100
2434,10001110
2435,00000000
2436,00000000
2437,00000000
2438,00000000
2439,11101110
2440,10101110
2441,11001110
2442,00000000
2443,00000000
2444,10001110
2445,00001000
2446,00001010
2447,00000000
2448,00000000
2449,00001000
2450,00000000
2451,00001010
2452,10001010
2453,00000000
2454,00000000
2455,00001000
2456,00000000
2457,00000000
2458,00001000
2459,00000000
2460,10001110
2461,00001000
2462,00001010
2463,10001010
2464,10001100
2465,00001000
2466,10001110
2467,00001000
2468,00000000
2469,00000000
2470,00000000
2471,10101010
2472,00000000
2473,00000000
2474,10001110
2475,11101110
2476,00000000
2477,00001100
2478,00000000
2479,00000000
2480,00001000
2481,00001100
2482,10101110
2483,00001000
2484,00001000
2485,10001010
2486,10001010
2487,00000000
2488,11001110
2489,10101110
2490,00000000
2491,10101110
2492,00001010
2493,00000000
2494,00000000
2495,00000000
2496,00000000
2497,10001010
2498,10101010
2499,10001010
2500,00001000
2501,00000000
2502,10101110
2503,00000000
2504,00000000
2505,00000000
2506,00001110
2507,00000000
2508,11101110
2509,00000000
2510,00001100
2511,00001000
2512,00000000
2513,00000000
2514,10101010
2515,11101110
2516,00000000
2517,00000000
2518,10001110
2519,00001000
2520,00000000
2521,00000000
2522,00001000
2523,10001110
2524,10001110
2525,00001010
2526,00000000
2527,11001100
2528,11101110
2529,11001110
2530,10001110
2531,00000000
2532,00000000
2533,00001000
2534,00000000
2535,10001000
2536,00000000
2537,00001100
2538,00001010
2539,00001110
2540,00001000
2541,00000000
2542,10001110
2543,00000000
2544,10101110
2545,00000000
2546,00000000
2547,10001010
2548,00000000
2549,00001010
2550,00000000
2551,00000000
2552,00000000
2553,00001100
2554,00001010
2555,00000000
2556,00000000
2557,00000000
2558,00001010
2559,10001110
2560,00000000
2561,11001110
2562,00000000
2563,00001000
2564,00000000
2565,00000000
2566,10101010
2567,10001100
2568,11001110
2569,00000000
2570,00001010
2571,00001110
2572,00000000
2573,00000000
2574,11001100
2575,00000000
2576,00001000
2577,00000000
2578,11101110
2579,00000000
2580,10101110
2581,10101010
2582,00000000
2583,00000000
2584,00000000
2585,00001110
2586,00001010
2587,00001000
2588,11001110
2589,00000000
2590,00001000
2591,00000000
2592,00001000
2593,00001110
2594,00000000
2595,00001000
2596,00001110
2597,00001100
2598,11001110
2599,00000000
2600,00000000
2601,00000000
2602,10001000
2603,10001110
2604,11101110
2605,11001110
2606,00001010
2607,10001110
2608,00001010
2609,10001110
2610,10001110
2611,00000000
2612,00000000
2613,00000000
2614,00000000
2615,11001100
2616,00000000
2617,00000000
2618,00000000
2619,00001000
2620,10001110
2621,00000000
2622,10001110
2623,00001000
2624,10001110
2625,00001010
2626,00001000
2627,10101010
2628,00000000
2629,10001110
2630,00000000
2631,10001110
2632,10001010
2633,10101010
2634,10101110
2635,00001000
2636,00001000
2637,00000000
2638,00001010
2639,10001110
2640,00001110
2641,00001000
2642,00000000
2643,00000000
2644,11001110
2645,00000000
2646,10101010
2647,00000000
2648,10101010
2649,00001010
2650,00000000
2651,10101010
2652,00001000
2653,10001110
2654,00000000
2655,00000000
2656,11101110
2657,11101110
2658,00000000
2659,11101110
2660,10001000
2661,10001110
2662,00000000
2663,10101110
2664,00001000
2665,00000000
2666,11101110
2667,00000000
2668,11001110
2669,00000000
2670,00001110
2671,10101010
2672,10001000
2673,10001000
2674,10001110
2675,10101010
2676,00000000
2677,00001000
2678,10101110
2679,10001110
2680,00000000
2681,10001000
2682,00000000
2683,00000000
2684,00001010
2685,11101110
2686,00001000
2687,00000000
2688,10001010
2689,11001110
2690,10001110
2691,00000000
2692,00000000
2693,00000000
2694,10001010
2695,00001100
2696,00000000
2697,00000000
2698,10001110
2699,00001000
2700,00001100
2701,00001100
2702,10001100
2703,00000000
2704,00000000
2705,11001110
2706,00000000
2707,00000000
2708,10001110
2709,00001110
2710,00000000
2711,00000000
2712,00000000
2713,00000000
2714,11001110
2715,00000000
2716,00001100
2717,00000000
2718,00001000
2719,00000000
2720,10101110
2721,00000000
2722,00001000
2723,10001100
2724,11001100
2725,11001110
2726,10001110
2727,10001110
2728,11001110
2729,00000000
2730,00000000
2731,11101110
2732,00001010
2733,00000000
2734,00000000
2735,11001110
2736,00000000
2737,00001000
2738,00000000
2739,00000000
2740,10001100
2741,00000000
2742,11001110
2743,00001000
2744,00000000
2745,00000000
2746,11101110
2747,00000000
2748,00000000
2749,10001100
2750,11001110
2751,10001110
2752,00000000
2753,00000000
2754,00000000
2755,00001000
2756,10001010
2757,00001100
2758,11101110
2759,10001000
2760,00000000
2761,00001000
2762,10001010
2763,10001100
2764,00000000
2765,10001110
2766,00001000
2767,00001110
2768,11001110
2769,00000000
2770,00000000
2771,10001110
2772,00000000
2773,10101110
2774,00001000
2775,00001010
2776,00000000
2777,00000000
2778,10101110
2779,00000000
2780,00000000
2781,00000000
2782,00000000
2783,00001000
2784,00000000
2785,00000000
2786,00000000
2787,11101110
2788,00000000
2789,10001110
2790,00001010
2791,11001110
2792,10001110
2793,10101110
2794,10001010
2795,00000000
2796,10001110
2797,00000000
2798,00000000
2799,00001110
2800,10001110
2801,00001000
2802,10001110
2803,00000000
2804,00000000
2805,00001000
2806,00001000
2807,10001110
2808,00000000
2809,10101110
2810,00000000
2811,10001100
2812,00001010
2813,00000000
2814,11001110
2815,10001110
2816,00000000
2817,11001110
2818,00000000
2819,10101110
2820,00001110
2821,10001010
2822,10001000
2823,00001000
2824,00001000
2825,10001110
2826,00001000
2827,00001000
2828,00000000
2829,00001110
2830,00000000
2831,00000000
2832,11001110
2833,00000000
2834,10001010
2835,00000000
2836,11001110
2837,00001100
2838,00000000
2839,00001110
2840,00000000
2841,00000000
2842,10001110
2843,10001110
2844,00000000
2845,00000000
2846,00000000
2847,00000000
2848,00001000
2849,00001000
2850,00000000
2851,00000000
2852,10001010
2853,00000000
2854,00001100
2855,00001000
2856,11001100
2857,00001010
2858,00000000
2859,00001010
2860,00000000
2861,00000000
2862,00000000
2863,00001010
2864,00001000
2865,00000000
2866,00000000
2867,00000000
2868,00001000
2869,10001110
2870,10001110
2871,00000000
2872,00000000
2873,00001010
2874,00001010
2875,11001110
2876,00000000
2877,00001000
2878,00000000
2879,00000000
2880,00000000
2881,00001000
2882,00001000
2883,00001100
2884,00000000
2885,00000000
2886,00001000
2887,00000000
2888,00000000
2889,00000000
2890,00000000
2891,00001000
2892,00000000
2893,10001000
2894,00001110
2895,00001000
2896,00000000
2897,10001110
2898,10001110
2899,00000000
2900,10001110
2901,00001000
2902,00001110
2903,00001010
2904,10001110
2905,10001000
2906,00001100
2907,00000000
2908,00001100
2909,00001000
2910,00000000
2911,00000000
2912,10001110
2913,00001110
2914,00001110
2915,00001000
2916,00000000
2917,10001110
2918,00001100
2919,00000000
2920,10101110
2921,00000000
2922,00000000
2923,00000000
2924,00000000
2925,00000000
2926,00001000
2927,11001110
2928,00001000
2929,00001010
2930,00001110
2931,00001000
2932,00000000
2933,00000000
2934,00001010
2935,10001010
2936,00001010
2937,00000000
2938,00000000
2939,00000000
2940,10001110
2941,00000000
2942,00001010
2943,00001000
2944,10001110
2945,00001000
2946,10001110
2947,00001000
2948,11001110
2949,00001000
2950,10101110
2951,10001010
2952,00000000
2953,00001010
2954,00000000
2955,00000000
2956,00000000
2957,10101010
2958,00001000
2959,00000000
2960,10001010
2961,00001000
2962,11001110
2963,00000000
2964,00000000
2965,00001000
2966,00000000
2967,10001110
2968,00000000
2969,10101010
2970,00001000
2971,00000000
2972,10101010
2973,00000000
2974,00000000
2975,00000000
2976,00000000
2977,10101010
2978,11001100
2979,10001100
2980,00000000
2981,00001010
2982,11101110
2983,00000000
2984,00000000
2985,10001110
2986,00000000
2987,10001010
2988,00000000
2989,00000000
2990,10001110
2991,00000000
2992,00000000
2993,00000000
2994,11101110
2995,00000000
2996,00000000
2997,11001100
2998,00000000
2999,00000000
3000,00000000
3001,00000000
3002,00001100
3003,00000000
3004,00001010
3005,00001000
3006,00001100
3007,00000000
3008,10001110
3009,00000000
3010,00001000
3011,00000000
3012,10001110
3013,00000000
3014,00001010
3015,10101010
3016,00000000
3017,10001000
3018,00000000
3019,00000000
3020,00000000
3021,00001000
3022,00001000
3023,00000000
3024,10101110
3025,00001000
3026,00000000
3027,00000000
3028,00000000
3029,00001010
3030,00001000
3031,00001110
3032,00000000
3033,10001010
3034,00001000
3035,00000000
3036,11001110
3037,10101110
3038,00001000
3039,00001000
3040,00001000
3041,00001000
3042,00000000
3043,00000000
3044,00001000
3045,00000000
3046,10001110
3047,00000000
3048,00000000
3049,00000000
3050,00001000
3051,00001100
3052,00000000
3053,00000000
3054,00001110
3055,00000000
3056,11001110
3057,00000000
3058,00000000
3059,00001000
3060,00000000
3061,00000000
3062,00001000
3063,00000000
3064,00000000
3065,11001110
3066,10001110
3067,00001010
3068,00001000
3069,00000000
3070,00001110
3071,00000000
3072,10001110
3073,00000000
3074,00001000
3075,10001100
3076,00000000
3077,00000000
3078,00000000
3079,00001000
3080,00000000
3081,00001110
3082,00000000
3083,00000000
3084,00001100
3085,00001110
3086,00001100
3087,00001000
3088,00000000
3089,10001110
3090,00000000
3091,00001000
3092,00000000
3093,00000000
3094,00000000
3095,00001000
3096,00000000
3097,10001110
3098,00000000
3099,00000000
3100,10101010
3101,11001110
3102,00001110
3103,10101110
3104,00001000
3105,10001010
3106,00000000
3107,00000000
3108,00000000
3109,00000000
3110,00000000
3111,11001110
3112,10101110
3113,00000000
3114,10001110
3115,00001000
3116,00000000
3117,00001110
3118,10101110
3119,10101110
3120,00000000
3121,00000000
3122,10001010
3123,00000000
3124,00000000
3125,00000000
3126,00000000
3127,00000000
3128,00000000
3129,00000000
3130,10001110
3131,10101110
3132,00000000
3133,00000000
3134,00000000
3135,00000000
3136,00000000
3137,00000000
3138,00001000
3139,00000000
3140,11101110
3141,00001010
3142,00000000
3143,00000000
3144,00000000
3145,00000000
3146,00000000
3147,00001000
3148,00000000
3149,00001010
3150,10101010
3151,00001010
3152,00001110
3153,00001110
3154,00000000
3155,00000000
3156,10001110
3157,00000000
3158,10101110
3159,00000000
3160,00001000
3161,11101110
3162,10001110
3163,10101110
3164,00000000
3165,11001100
3166,11001110
3167,10101110
3168,11001110
3169,00000000
3170,00000000
3171,11101110
3172,11101110
3173,00000000
3174,00000000
3175,00001110
3176,00001000
3177,10001110
3178,10101110
3179,10001110
3180,00001010
3181,10001110
3182,00000000
3183,00001110
3184,00001100
3185,00000000
3186,00000000
3187,10001110
3188,10101110
3189,00000000
3190,11001110
3191,00000000
3192,00000000
3193,00000000
3194,00000000
3195,00000000
3196,10001110
3197,00001010
3198,00000000
3199,10001110
3200,10001000
3201,00000000
3202,10101010
3203,00000000
3204,00001000
3205,00000000
3206,00000000
3207,00000000
3208,00000000
3209,00000000
3210,00001000
3211,00000000
3212,00001000
3213,00000000
3214,00000000
3215,00000000
3216,11001100
3217,00000000
3218,00001000
3219,00000000
3220,00001000
3221,10001100
3222,00001100
3223,10001110
3224,00000000
3225,00000000
3226,00000000
3227,11001100
3228,00001000
3229,00001000
3230,10101110
3231,00000000
3232,10101010
3233,00000000
3234,00001010
3235,11001110
3236,00000000
3237,00001110
3238,10101110
3239,00000000
3240,00001000
3241,10001000
3242,10001110
3243,00001010
3244,00000000
3245,00001010
3246,00000000
3247,00001010
3248,00001110
3249,10001000
3250,10001010
3251,00000000
3252,10101010
3253,00001000
3254,10001110
3255,11101110
3256,00001000
3257,00000000
3258,11101110
3259,00001000
3260,00001000
3261,00001110
3262,00001100
3263,00000000
3264,00001100
3265,00000000
3266,10001110
3267,00001000
3268,10101110
3269,10001010
3270,00001000
3271,00001110
3272,00000000
3273,00000000
3274,00000000
3275,11101110
3276,11001110
3277,00000000
3278,00000000
3279,00001100
3280,00000000
3281,00000000
3282,00001000
3283,00001000
3284,00001110
3285,00001000
3286,00000000
3287,10001110
3288,00000000
3289,00000000
3290,00000000
3291,10001110
3292,00001000
3293,00000000
3294,00000000
3295,00001000
3296,00000000
3297,00000000
3298,00000000
3299,00000000
3300,10001110
3301,00000000
3302,00001010
3303,11101110
3304,10001110
3305,00000000
3306,00000000
3307,00001110
3308,00001010
3309,00000000
3310,00000000
3311,00001000
3312,00000000
3313,00000000
3314,00001000
3315,11001100
3316,00001000
3317,00000000
3318,00001000
3319,10001110
3320,00000000
3321,00000000
3322,10001000
3323,10001010
3324,00000000
3325,00000000
3326,00000000
3327,00000000
3328,00000000
3329,00001010
