,node_added_0_0,node_added_1_0,node_added_1_1,node_added_1_2,node_added_1_3,node_added_1_4,node_added_1_5,node_added_1_6,node_added_1_7,node_added_1_8,node_added_1_9,node_added_1_10,node_added_1_11,node_added_1_12,node_added_1_13,node_added_1_14,node_added_1_15,node_added_1_16,node_added_1_17,node_added_1_18,node_added_1_19,node_added_2_0,node_added_2_1,node_added_2_2,node_added_2_3,node_added_2_4,node_added_2_5,node_added_2_6,node_added_2_7,node_added_2_8,node_added_2_9,node_added_2_10,node_added_2_11,node_added_2_12,node_added_2_13,node_added_2_14,node_added_2_15,node_added_2_16,node_added_2_17,node_added_2_18,node_added_2_19,node_added_3_0,node_added_3_1,node_added_3_2,node_added_3_3,node_added_3_4,node_added_3_5,node_added_3_6,node_added_3_7,node_added_3_8,node_added_3_9,node_added_3_10,node_added_3_11,node_added_3_12,node_added_3_13,node_added_3_14,node_added_3_15,node_added_3_16,node_added_3_17,node_added_3_18,node_added_3_19,node_added_4_0,node_added_4_1,node_added_4_2,node_added_4_3,node_added_4_4,node_added_4_5,node_added_4_6,node_added_4_7,node_added_4_8,node_added_4_9,node_added_4_10,node_added_4_11,node_added_4_12,node_added_4_13,node_added_4_14,node_added_4_15,node_added_4_16,node_added_4_17,node_added_4_18,node_added_4_19,node_added_5_0,node_added_5_1,node_added_5_2,node_added_5_3,node_added_5_4,node_added_5_5,node_added_5_6,node_added_5_7,node_added_5_8,node_added_5_9,node_added_5_10,node_added_5_11,node_added_5_12,node_added_5_13,node_added_5_14,node_added_5_15,node_added_5_16,node_added_5_17,node_added_5_18,node_added_5_19,node_added_6_0,node_added_6_1,node_added_6_2,node_added_6_3,node_added_6_4,node_added_6_5,node_added_6_6,node_added_6_7,node_added_6_8,node_added_6_9,node_added_6_10,node_added_6_11,node_added_6_12,node_added_6_13,node_added_6_14,node_added_6_15,node_added_6_16,node_added_6_17,node_added_6_18,node_added_6_19,node_added_7_0,node_added_7_1,node_added_7_2,node_added_7_3,node_added_7_4,node_added_7_5,node_added_7_6,node_added_7_7,node_added_7_8,node_added_7_9,node_added_7_10,node_added_7_11,node_added_7_12,node_added_7_13,node_added_7_14,node_added_7_15,node_added_7_16,node_added_7_17,node_added_7_18,node_added_7_19,node_added_8_0,node_added_8_1,node_added_8_2,node_added_8_3,node_added_8_4,node_added_8_5,node_added_8_6,node_added_8_7,node_added_8_8,node_added_8_9,node_added_8_10,node_added_8_11,node_added_8_12,node_added_8_13,node_added_8_14,node_added_8_15,node_added_8_16,node_added_8_17,node_added_8_18,node_added_8_19,node_added_9_0,node_added_9_1,node_added_9_2,node_added_9_3,node_added_9_4,node_added_9_5,node_added_9_6,node_added_9_7,node_added_9_8,node_added_9_9,node_added_9_10,node_added_9_11,node_added_9_12,node_added_9_13,node_added_9_14,node_added_9_15,node_added_9_16,node_added_9_17,node_added_9_18,node_added_9_19,node_added_10_0,node_added_10_1,node_added_10_2,node_added_10_3,node_added_10_4,node_added_10_5,node_added_10_6,node_added_10_7,node_added_10_8,node_added_10_9,node_added_10_10,node_added_10_11,node_added_10_12,node_added_10_13,node_added_10_14,node_added_10_15,node_added_10_16,node_added_10_17,node_added_10_18,node_added_10_19,node_added_11_0,node_added_11_1,node_added_11_2,node_added_11_3,node_added_11_4,node_added_11_5,node_added_11_6,node_added_11_7,node_added_11_8,node_added_11_9,node_added_11_10,node_added_11_11,node_added_11_12,node_added_11_13,node_added_11_14,node_added_11_15,node_added_11_16,node_added_11_17,node_added_11_18,node_added_11_19,node_added_12_0,node_added_12_1,node_added_12_2,node_added_12_3,node_added_12_4,node_added_12_5,node_added_12_6,node_added_12_7,node_added_12_8,node_added_12_9,node_added_12_10,node_added_12_11,node_added_12_12,node_added_12_13,node_added_12_14,node_added_12_15,node_added_12_16,node_added_12_17,node_added_12_18,node_added_12_19,node_added_13_0,node_added_13_1,node_added_13_2,node_added_13_3,node_added_13_4,node_added_13_5,node_added_13_6,node_added_13_7,node_added_13_8,node_added_13_9,node_added_13_10,node_added_13_11,node_added_13_12,node_added_13_13,node_added_13_14,node_added_13_15,node_added_13_16,node_added_13_17,node_added_13_18,node_added_13_19,node_added_14_0,node_added_14_1,node_added_14_2,node_added_14_3,node_added_14_4,node_added_14_5,node_added_14_6,node_added_14_7,node_added_14_8,node_added_14_9,node_added_14_10,node_added_14_11,node_added_14_12,node_added_14_13,node_added_14_14,node_added_14_15,node_added_14_16,node_added_14_17,node_added_14_18,node_added_14_19,node_added_15_0,node_added_15_1,node_added_15_2,node_added_15_3,node_added_15_4,node_added_15_5,node_added_15_6,node_added_15_7,node_added_15_8,node_added_15_9,node_added_15_10,node_added_15_11,node_added_15_12,node_added_15_13,node_added_15_14,node_added_15_15,node_added_15_16,node_added_15_17,node_added_15_18,node_added_15_19,node_added_16_0,node_added_16_1,node_added_16_2,node_added_16_3,node_added_16_4,node_added_16_5,node_added_16_6,node_added_16_7,node_added_16_8,node_added_16_9,node_added_16_10,node_added_16_11,node_added_16_12,node_added_16_13,node_added_16_14,node_added_16_15,node_added_16_16,node_added_16_17,node_added_16_18,node_added_16_19,node_added_17_0,node_added_17_1,node_added_17_2,node_added_17_3,node_added_17_4,node_added_17_5,node_added_17_6,node_added_17_7,node_added_17_8,node_added_17_9,node_added_17_10,node_added_17_11,node_added_17_12,node_added_17_13,node_added_17_14,node_added_17_15,node_added_17_16,node_added_17_17,node_added_17_18,node_added_17_19,node_added_18_0,node_added_18_1,node_added_18_2,node_added_18_3,node_added_18_4,node_added_18_5,node_added_18_6,node_added_18_7,node_added_18_8,node_added_18_9,node_added_18_10,node_added_18_11,node_added_18_12,node_added_18_13,node_added_18_14,node_added_18_15,node_added_18_16,node_added_18_17,node_added_18_18,node_added_18_19,node_added_19_0,node_added_19_1,node_added_19_2,node_added_19_3,node_added_19_4,node_added_19_5,node_added_19_6,node_added_19_7,node_added_19_8,node_added_19_9,node_added_19_10,node_added_19_11,node_added_19_12,node_added_19_13,node_added_19_14,node_added_19_15,node_added_19_16,node_added_19_17,node_added_19_18,node_added_19_19,node_added_20_0,node_added_20_1,node_added_20_2,node_added_20_3,node_added_20_4,node_added_20_5,node_added_20_6,node_added_20_7,node_added_20_8,node_added_20_9,node_added_20_10,node_added_20_11,node_added_20_12,node_added_20_13,node_added_20_14,node_added_20_15,node_added_20_16,node_added_20_17,node_added_20_18,node_added_20_19
AKT1,0.0,48.0,47.0,40.0,40.0,46.0,39.0,50.0,43.0,48.0,50.0,54.0,52.0,34.0,48.0,53.0,53.0,35.0,37.0,36.0,50.0,67.0,70.0,87.0,85.0,87.0,81.0,67.0,93.0,80.0,64.0,68.0,71.0,75.0,78.0,84.0,83.0,61.0,72.0,74.0,87.0,112.0,106.0,115.0,115.0,125.0,115.0,112.0,111.0,95.0,123.0,109.0,123.0,115.0,113.0,93.0,116.0,119.0,128.0,111.0,118.0,132.0,134.0,142.0,146.0,156.0,152.0,166.0,142.0,126.0,162.0,137.0,119.0,152.0,154.0,147.0,142.0,107.0,162.0,159.0,151.0,167.0,168.0,189.0,178.0,193.0,181.0,168.0,172.0,171.0,141.0,173.0,177.0,174.0,164.0,180.0,178.0,161.0,188.0,162.0,156.0,194.0,191.0,211.0,190.0,197.0,175.0,188.0,211.0,205.0,187.0,222.0,206.0,197.0,203.0,188.0,226.0,197.0,207.0,182.0,191.0,232.0,214.0,229.0,214.0,201.0,213.0,214.0,202.0,208.0,216.0,201.0,234.0,233.0,228.0,200.0,226.0,207.0,210.0,222.0,202.0,232.0,237.0,242.0,232.0,220.0,215.0,259.0,216.0,230.0,211.0,239.0,243.0,205.0,209.0,243.0,245.0,209.0,222.0,227.0,246.0,238.0,256.0,234.0,249.0,207.0,222.0,216.0,225.0,266.0,247.0,261.0,274.0,246.0,235.0,240.0,242.0,259.0,234.0,235.0,259.0,300.0,247.0,269.0,245.0,268.0,234.0,274.0,252.0,263.0,260.0,300.0,272.0,262.0,262.0,271.0,286.0,278.0,271.0,264.0,273.0,272.0,263.0,266.0,279.0,287.0,283.0,273.0,276.0,291.0,270.0,289.0,277.0,270.0,295.0,245.0,306.0,279.0,274.0,255.0,295.0,277.0,294.0,284.0,285.0,276.0,298.0,298.0,280.0,305.0,287.0,282.0,312.0,284.0,283.0,300.0,269.0,301.0,271.0,299.0,311.0,319.0,311.0,286.0,309.0,292.0,339.0,270.0,299.0,284.0,303.0,280.0,309.0,283.0,334.0,300.0,290.0,274.0,283.0,263.0,295.0,288.0,322.0,309.0,310.0,313.0,317.0,305.0,303.0,273.0,310.0,334.0,324.0,309.0,287.0,307.0,311.0,312.0,298.0,333.0,334.0,340.0,339.0,318.0,330.0,311.0,315.0,302.0,342.0,323.0,308.0,301.0,308.0,334.0,320.0,331.0,310.0,307.0,315.0,334.0,331.0,341.0,361.0,319.0,359.0,350.0,339.0,314.0,340.0,322.0,339.0,324.0,338.0,327.0,300.0,317.0,323.0,331.0,333.0,325.0,322.0,342.0,350.0,334.0,317.0,359.0,332.0,326.0,324.0,311.0,361.0,335.0,367.0,340.0,341.0,353.0,347.0,336.0,342.0,338.0,325.0,348.0,357.0,335.0,331.0,342.0,365.0,387.0,348.0,371.0,336.0,343.0,360.0,353.0,330.0,356.0,340.0,366.0,364.0,337.0,336.0,329.0,360.0,354.0,337.0,354.0,341.0,386.0,363.0,364.0,347.0,349.0,344.0,363.0,350.0,370.0,367.0,327.0,345.0,326.0,324.0,346.0,370.0,326.0,369.0,317.0,346.0,352.0,362.0,344.0,376.0,346.0,329.0,352.0,376.0,362.0,341.0,351.0,379.0,361.0,360.0
AMPK,39.0,229.0,218.0,219.0,227.0,216.0,232.0,231.0,208.0,222.0,208.0,223.0,221.0,205.0,228.0,223.0,230.0,199.0,229.0,209.0,239.0,314.0,368.0,373.0,360.0,346.0,357.0,330.0,347.0,363.0,335.0,338.0,345.0,349.0,367.0,350.0,342.0,338.0,349.0,362.0,354.0,522.0,445.0,477.0,457.0,478.0,467.0,478.0,450.0,453.0,458.0,465.0,480.0,469.0,461.0,397.0,460.0,452.0,461.0,495.0,453.0,547.0,521.0,554.0,579.0,529.0,543.0,563.0,529.0,509.0,568.0,551.0,514.0,556.0,566.0,542.0,540.0,511.0,542.0,590.0,552.0,616.0,591.0,631.0,600.0,602.0,649.0,596.0,655.0,608.0,589.0,636.0,620.0,642.0,631.0,601.0,627.0,605.0,599.0,617.0,594.0,697.0,668.0,673.0,650.0,658.0,652.0,673.0,657.0,715.0,669.0,695.0,684.0,698.0,692.0,673.0,685.0,697.0,722.0,659.0,647.0,724.0,693.0,717.0,733.0,717.0,709.0,700.0,697.0,747.0,705.0,714.0,737.0,724.0,711.0,693.0,754.0,733.0,685.0,749.0,693.0,755.0,779.0,731.0,766.0,738.0,748.0,806.0,750.0,763.0,722.0,742.0,736.0,699.0,736.0,772.0,767.0,739.0,752.0,719.0,768.0,788.0,787.0,767.0,801.0,730.0,743.0,764.0,801.0,825.0,791.0,793.0,793.0,789.0,739.0,791.0,779.0,808.0,765.0,730.0,796.0,819.0,777.0,790.0,796.0,807.0,764.0,811.0,770.0,799.0,820.0,830.0,835.0,799.0,793.0,778.0,825.0,815.0,791.0,845.0,815.0,831.0,821.0,841.0,829.0,844.0,844.0,799.0,819.0,839.0,822.0,830.0,812.0,840.0,848.0,808.0,813.0,839.0,828.0,831.0,816.0,875.0,843.0,884.0,849.0,852.0,853.0,864.0,870.0,847.0,812.0,843.0,866.0,820.0,826.0,839.0,791.0,827.0,784.0,792.0,840.0,883.0,864.0,879.0,904.0,886.0,870.0,805.0,839.0,806.0,839.0,793.0,816.0,806.0,855.0,827.0,811.0,793.0,865.0,800.0,850.0,838.0,866.0,843.0,876.0,864.0,834.0,859.0,896.0,840.0,838.0,851.0,833.0,871.0,827.0,891.0,888.0,879.0,852.0,874.0,882.0,881.0,895.0,892.0,869.0,823.0,870.0,832.0,889.0,861.0,875.0,852.0,880.0,868.0,855.0,882.0,884.0,873.0,851.0,916.0,855.0,894.0,905.0,861.0,912.0,914.0,859.0,879.0,862.0,872.0,895.0,885.0,859.0,874.0,876.0,878.0,902.0,904.0,848.0,886.0,882.0,896.0,892.0,896.0,877.0,899.0,856.0,867.0,896.0,857.0,925.0,905.0,924.0,889.0,907.0,864.0,889.0,883.0,892.0,894.0,870.0,902.0,928.0,903.0,880.0,876.0,918.0,922.0,912.0,890.0,884.0,889.0,900.0,896.0,870.0,852.0,889.0,895.0,915.0,862.0,880.0,852.0,896.0,841.0,891.0,868.0,875.0,974.0,947.0,926.0,914.0,911.0,868.0,887.0,910.0,920.0,950.0,872.0,915.0,893.0,878.0,893.0,886.0,856.0,908.0,942.0,901.0,892.0,913.0,904.0,895.0,841.0,940.0,906.0,920.0,890.0,899.0,882.0,931.0,924.0,933.0
ATM/ATR,94.0,268.0,267.0,261.0,275.0,261.0,274.0,267.0,260.0,267.0,246.0,273.0,273.0,258.0,277.0,259.0,271.0,244.0,277.0,257.0,272.0,352.0,404.0,407.0,389.0,380.0,398.0,363.0,394.0,397.0,370.0,367.0,376.0,371.0,390.0,375.0,374.0,358.0,393.0,387.0,378.0,544.0,464.0,503.0,490.0,491.0,488.0,481.0,477.0,489.0,467.0,491.0,505.0,496.0,473.0,438.0,488.0,478.0,474.0,525.0,477.0,546.0,531.0,553.0,558.0,531.0,543.0,573.0,543.0,518.0,575.0,552.0,517.0,547.0,575.0,558.0,553.0,523.0,546.0,605.0,582.0,607.0,586.0,639.0,591.0,593.0,640.0,599.0,653.0,626.0,572.0,619.0,616.0,648.0,635.0,590.0,613.0,590.0,591.0,611.0,601.0,667.0,661.0,662.0,644.0,659.0,632.0,668.0,663.0,706.0,663.0,676.0,679.0,676.0,674.0,653.0,698.0,682.0,709.0,651.0,623.0,709.0,666.0,698.0,719.0,688.0,696.0,687.0,663.0,734.0,712.0,702.0,720.0,707.0,696.0,654.0,718.0,708.0,657.0,715.0,670.0,709.0,735.0,673.0,734.0,715.0,737.0,758.0,721.0,725.0,675.0,700.0,698.0,676.0,709.0,715.0,729.0,720.0,729.0,693.0,729.0,761.0,766.0,728.0,755.0,689.0,717.0,730.0,738.0,771.0,724.0,719.0,753.0,738.0,699.0,751.0,741.0,760.0,737.0,692.0,740.0,778.0,739.0,756.0,747.0,747.0,731.0,779.0,725.0,762.0,797.0,791.0,785.0,745.0,744.0,746.0,781.0,772.0,761.0,810.0,755.0,749.0,774.0,773.0,773.0,776.0,764.0,743.0,754.0,783.0,786.0,759.0,744.0,796.0,806.0,727.0,749.0,784.0,778.0,773.0,760.0,795.0,781.0,810.0,796.0,782.0,807.0,806.0,779.0,802.0,745.0,795.0,818.0,751.0,771.0,796.0,726.0,750.0,741.0,742.0,784.0,828.0,806.0,805.0,838.0,808.0,802.0,769.0,766.0,732.0,764.0,720.0,754.0,751.0,791.0,743.0,735.0,738.0,784.0,736.0,784.0,767.0,796.0,754.0,800.0,798.0,751.0,793.0,798.0,769.0,789.0,787.0,755.0,784.0,757.0,802.0,799.0,802.0,776.0,787.0,803.0,814.0,817.0,790.0,776.0,765.0,786.0,761.0,784.0,776.0,778.0,764.0,804.0,764.0,793.0,820.0,785.0,787.0,765.0,837.0,754.0,787.0,835.0,763.0,793.0,804.0,763.0,791.0,774.0,796.0,812.0,793.0,799.0,808.0,779.0,807.0,811.0,806.0,739.0,784.0,787.0,814.0,792.0,807.0,803.0,813.0,768.0,775.0,799.0,776.0,841.0,825.0,819.0,783.0,810.0,788.0,780.0,792.0,798.0,795.0,792.0,804.0,839.0,794.0,777.0,793.0,818.0,818.0,813.0,805.0,776.0,763.0,814.0,827.0,792.0,779.0,787.0,797.0,817.0,754.0,784.0,733.0,781.0,763.0,768.0,786.0,771.0,832.0,843.0,841.0,796.0,816.0,795.0,793.0,803.0,814.0,843.0,771.0,790.0,794.0,786.0,776.0,766.0,760.0,812.0,824.0,790.0,777.0,790.0,794.0,797.0,738.0,826.0,787.0,813.0,774.0,795.0,776.0,821.0,814.0,821.0
CDK2/4/6,0.0,121.0,121.0,119.0,139.0,118.0,127.0,117.0,118.0,131.0,113.0,121.0,127.0,119.0,142.0,119.0,133.0,110.0,129.0,123.0,134.0,194.0,221.0,239.0,209.0,217.0,215.0,177.0,216.0,226.0,207.0,213.0,209.0,214.0,212.0,202.0,215.0,192.0,193.0,224.0,222.0,317.0,280.0,302.0,283.0,278.0,300.0,272.0,281.0,301.0,285.0,292.0,294.0,292.0,267.0,251.0,295.0,287.0,301.0,323.0,285.0,334.0,313.0,348.0,352.0,328.0,329.0,351.0,330.0,303.0,366.0,343.0,318.0,353.0,369.0,348.0,336.0,308.0,339.0,380.0,364.0,393.0,378.0,404.0,381.0,380.0,421.0,374.0,415.0,381.0,357.0,400.0,397.0,390.0,416.0,358.0,396.0,387.0,355.0,389.0,372.0,430.0,434.0,448.0,417.0,427.0,429.0,442.0,420.0,451.0,426.0,436.0,449.0,440.0,434.0,441.0,438.0,432.0,460.0,408.0,407.0,455.0,424.0,455.0,454.0,446.0,455.0,456.0,419.0,472.0,455.0,473.0,464.0,442.0,455.0,407.0,466.0,457.0,420.0,485.0,437.0,485.0,474.0,474.0,477.0,465.0,456.0,527.0,485.0,484.0,450.0,479.0,458.0,449.0,462.0,489.0,485.0,485.0,491.0,438.0,454.0,500.0,516.0,479.0,503.0,457.0,468.0,449.0,477.0,529.0,497.0,502.0,496.0,501.0,464.0,500.0,499.0,510.0,471.0,457.0,489.0,514.0,499.0,508.0,503.0,514.0,503.0,503.0,512.0,485.0,508.0,507.0,508.0,487.0,497.0,507.0,512.0,497.0,498.0,562.0,514.0,521.0,528.0,520.0,534.0,517.0,522.0,496.0,499.0,522.0,516.0,495.0,508.0,512.0,536.0,502.0,491.0,522.0,545.0,512.0,520.0,546.0,535.0,563.0,528.0,533.0,530.0,549.0,531.0,558.0,502.0,529.0,546.0,519.0,513.0,525.0,486.0,521.0,482.0,498.0,530.0,547.0,553.0,546.0,580.0,550.0,565.0,487.0,522.0,487.0,519.0,499.0,513.0,516.0,553.0,523.0,519.0,485.0,544.0,523.0,530.0,510.0,538.0,527.0,556.0,540.0,555.0,552.0,536.0,521.0,522.0,527.0,513.0,519.0,481.0,537.0,568.0,534.0,531.0,537.0,560.0,571.0,567.0,546.0,524.0,518.0,538.0,523.0,516.0,528.0,554.0,512.0,548.0,551.0,523.0,557.0,554.0,562.0,479.0,560.0,519.0,545.0,562.0,534.0,550.0,552.0,515.0,565.0,507.0,566.0,558.0,557.0,550.0,558.0,546.0,557.0,576.0,558.0,505.0,542.0,557.0,565.0,532.0,539.0,549.0,546.0,535.0,545.0,555.0,514.0,577.0,588.0,582.0,575.0,569.0,550.0,554.0,570.0,566.0,572.0,552.0,550.0,572.0,573.0,550.0,551.0,572.0,571.0,571.0,562.0,553.0,532.0,569.0,578.0,528.0,548.0,550.0,558.0,566.0,517.0,524.0,504.0,544.0,517.0,555.0,538.0,546.0,585.0,584.0,610.0,565.0,552.0,549.0,537.0,582.0,569.0,607.0,545.0,577.0,540.0,533.0,571.0,535.0,514.0,563.0,565.0,550.0,575.0,563.0,574.0,559.0,520.0,559.0,572.0,562.0,555.0,548.0,537.0,559.0,575.0,566.0
CDKN1A,519.0,651.0,645.0,626.0,654.0,628.0,654.0,652.0,628.0,645.0,626.0,646.0,638.0,639.0,656.0,633.0,642.0,626.0,639.0,645.0,655.0,696.0,731.0,749.0,733.0,715.0,736.0,699.0,716.0,728.0,722.0,725.0,713.0,714.0,721.0,711.0,699.0,687.0,729.0,742.0,724.0,841.0,764.0,800.0,780.0,793.0,802.0,781.0,764.0,784.0,767.0,796.0,811.0,782.0,809.0,747.0,814.0,784.0,791.0,833.0,782.0,838.0,805.0,834.0,852.0,796.0,815.0,872.0,813.0,791.0,867.0,816.0,811.0,843.0,845.0,839.0,846.0,801.0,853.0,877.0,859.0,882.0,858.0,896.0,860.0,857.0,885.0,853.0,893.0,874.0,841.0,887.0,870.0,906.0,895.0,832.0,875.0,860.0,833.0,861.0,867.0,905.0,904.0,897.0,910.0,906.0,881.0,921.0,885.0,928.0,906.0,919.0,927.0,916.0,925.0,894.0,929.0,905.0,958.0,894.0,878.0,908.0,888.0,918.0,926.0,905.0,936.0,899.0,875.0,942.0,923.0,928.0,937.0,897.0,924.0,876.0,929.0,939.0,860.0,944.0,886.0,939.0,946.0,898.0,943.0,923.0,959.0,966.0,913.0,937.0,903.0,919.0,898.0,878.0,914.0,957.0,948.0,915.0,942.0,888.0,916.0,973.0,967.0,930.0,934.0,881.0,901.0,915.0,933.0,971.0,917.0,947.0,959.0,919.0,871.0,949.0,963.0,958.0,919.0,886.0,968.0,942.0,921.0,934.0,931.0,919.0,928.0,955.0,919.0,949.0,977.0,970.0,939.0,921.0,955.0,931.0,974.0,934.0,918.0,1000.0,931.0,954.0,947.0,936.0,938.0,958.0,949.0,920.0,943.0,938.0,931.0,963.0,936.0,977.0,975.0,902.0,929.0,961.0,972.0,951.0,957.0,971.0,933.0,983.0,954.0,943.0,941.0,976.0,981.0,963.0,893.0,924.0,997.0,940.0,943.0,959.0,914.0,930.0,901.0,908.0,978.0,985.0,948.0,963.0,986.0,968.0,989.0,922.0,899.0,901.0,915.0,913.0,945.0,907.0,956.0,910.0,921.0,910.0,904.0,896.0,956.0,935.0,944.0,929.0,966.0,946.0,913.0,942.0,948.0,936.0,939.0,952.0,896.0,951.0,904.0,968.0,961.0,975.0,919.0,930.0,981.0,953.0,973.0,940.0,919.0,917.0,918.0,913.0,919.0,931.0,923.0,893.0,935.0,931.0,918.0,960.0,944.0,931.0,898.0,973.0,918.0,930.0,980.0,893.0,945.0,918.0,915.0,943.0,925.0,963.0,952.0,941.0,939.0,941.0,927.0,940.0,950.0,962.0,873.0,913.0,955.0,945.0,939.0,942.0,943.0,932.0,949.0,913.0,930.0,933.0,979.0,976.0,972.0,909.0,963.0,896.0,932.0,927.0,927.0,965.0,931.0,924.0,964.0,919.0,916.0,945.0,947.0,947.0,929.0,915.0,941.0,888.0,940.0,938.0,914.0,904.0,929.0,918.0,947.0,914.0,905.0,878.0,921.0,885.0,904.0,910.0,901.0,939.0,968.0,974.0,932.0,942.0,922.0,927.0,949.0,945.0,980.0,908.0,937.0,933.0,902.0,909.0,897.0,875.0,935.0,954.0,904.0,899.0,902.0,932.0,912.0,868.0,942.0,907.0,918.0,892.0,908.0,905.0,941.0,915.0,938.0
CDKN2A,4658.0,4245.0,4214.0,4228.0,4249.0,4238.0,4279.0,4239.0,4187.0,4241.0,4193.0,4198.0,4249.0,4272.0,4249.0,4240.0,4218.0,4228.0,4233.0,4219.0,4256.0,3865.0,3850.0,3871.0,3864.0,3853.0,3849.0,3835.0,3864.0,3869.0,3889.0,3884.0,3889.0,3872.0,3869.0,3871.0,3795.0,3849.0,3870.0,3863.0,3872.0,3558.0,3589.0,3602.0,3575.0,3588.0,3549.0,3569.0,3506.0,3531.0,3585.0,3576.0,3544.0,3580.0,3584.0,3552.0,3561.0,3560.0,3545.0,3600.0,3515.0,3317.0,3323.0,3290.0,3273.0,3301.0,3284.0,3306.0,3298.0,3289.0,3261.0,3296.0,3343.0,3300.0,3359.0,3302.0,3311.0,3307.0,3317.0,3347.0,3292.0,3089.0,3101.0,3108.0,3062.0,3096.0,3053.0,3072.0,3169.0,3055.0,3072.0,3152.0,3106.0,3128.0,3154.0,3082.0,3096.0,3043.0,3077.0,3099.0,3076.0,2933.0,2899.0,2888.0,2899.0,2893.0,2892.0,2907.0,2944.0,2974.0,2919.0,2886.0,2903.0,2873.0,2936.0,2866.0,2927.0,2904.0,2957.0,2914.0,2882.0,2715.0,2728.0,2716.0,2799.0,2728.0,2725.0,2682.0,2687.0,2742.0,2656.0,2728.0,2722.0,2700.0,2746.0,2682.0,2716.0,2737.0,2743.0,2717.0,2692.0,2625.0,2662.0,2559.0,2624.0,2616.0,2580.0,2601.0,2586.0,2529.0,2535.0,2578.0,2576.0,2569.0,2553.0,2608.0,2592.0,2579.0,2548.0,2539.0,2596.0,2526.0,2539.0,2445.0,2445.0,2351.0,2411.0,2473.0,2376.0,2463.0,2435.0,2457.0,2462.0,2461.0,2450.0,2458.0,2457.0,2517.0,2391.0,2408.0,2485.0,2313.0,2317.0,2314.0,2326.0,2308.0,2360.0,2382.0,2269.0,2368.0,2357.0,2400.0,2252.0,2334.0,2349.0,2301.0,2359.0,2328.0,2263.0,2347.0,2361.0,2248.0,2245.0,2265.0,2258.0,2256.0,2241.0,2205.0,2222.0,2259.0,2268.0,2287.0,2225.0,2220.0,2265.0,2201.0,2206.0,2250.0,2264.0,2259.0,2208.0,2135.0,2113.0,2155.0,2089.0,2182.0,2167.0,2192.0,2158.0,2160.0,2107.0,2179.0,2167.0,2134.0,2144.0,2153.0,2143.0,2073.0,2162.0,2134.0,2097.0,2051.0,2098.0,2066.0,2133.0,2028.0,2097.0,2037.0,2038.0,2076.0,2069.0,2078.0,2063.0,1978.0,2071.0,2002.0,2098.0,2065.0,2013.0,2088.0,2102.0,1991.0,1983.0,1959.0,1981.0,2065.0,1955.0,1966.0,1987.0,1973.0,1985.0,1983.0,1956.0,2028.0,1972.0,2014.0,1995.0,1978.0,2041.0,1999.0,2017.0,1980.0,1969.0,1927.0,1869.0,1898.0,1913.0,1886.0,1930.0,1956.0,1901.0,1886.0,1965.0,1943.0,1957.0,1907.0,1881.0,1915.0,1870.0,1996.0,1913.0,1868.0,1905.0,1849.0,1857.0,1872.0,1867.0,1860.0,1830.0,1871.0,1864.0,1917.0,1846.0,1869.0,1876.0,1851.0,1885.0,1904.0,1834.0,1879.0,1811.0,1745.0,1843.0,1834.0,1764.0,1855.0,1796.0,1796.0,1831.0,1790.0,1820.0,1840.0,1817.0,1813.0,1816.0,1782.0,1822.0,1831.0,1785.0,1877.0,1769.0,1748.0,1783.0,1740.0,1769.0,1771.0,1731.0,1726.0,1732.0,1749.0,1730.0,1758.0,1764.0,1786.0,1733.0,1724.0,1698.0,1750.0,1791.0,1746.0,1753.0,1656.0,1700.0,1699.0,1671.0,1682.0,1691.0,1777.0,1759.0,1741.0,1672.0,1753.0,1778.0,1693.0,1709.0,1704.0,1763.0,1681.0,1774.0,1706.0,1721.0,1658.0,1655.0,1610.0,1676.0,1689.0,1655.0,1628.0,1625.0,1641.0,1671.0,1649.0,1645.0,1719.0,1722.0,1653.0,1686.0,1632.0,1683.0,1668.0,1627.0
FOXO3,95.0,269.0,266.0,270.0,268.0,252.0,275.0,276.0,257.0,264.0,253.0,277.0,264.0,252.0,276.0,269.0,276.0,249.0,272.0,258.0,282.0,354.0,394.0,408.0,396.0,374.0,390.0,367.0,386.0,401.0,373.0,380.0,387.0,384.0,387.0,389.0,369.0,352.0,392.0,406.0,392.0,537.0,459.0,507.0,479.0,487.0,492.0,487.0,472.0,474.0,470.0,490.0,518.0,501.0,484.0,435.0,484.0,477.0,488.0,529.0,470.0,557.0,533.0,551.0,572.0,527.0,549.0,586.0,538.0,528.0,591.0,551.0,513.0,553.0,571.0,558.0,548.0,521.0,561.0,609.0,577.0,623.0,606.0,633.0,594.0,588.0,645.0,600.0,649.0,610.0,574.0,639.0,618.0,645.0,626.0,605.0,617.0,605.0,596.0,620.0,596.0,682.0,658.0,666.0,644.0,652.0,640.0,679.0,663.0,707.0,675.0,689.0,686.0,677.0,676.0,663.0,699.0,677.0,726.0,654.0,642.0,698.0,675.0,709.0,711.0,688.0,688.0,693.0,665.0,733.0,705.0,703.0,724.0,696.0,704.0,654.0,718.0,717.0,650.0,733.0,668.0,740.0,736.0,704.0,740.0,702.0,728.0,769.0,720.0,751.0,701.0,713.0,708.0,681.0,713.0,735.0,739.0,718.0,723.0,692.0,719.0,767.0,761.0,718.0,760.0,679.0,713.0,721.0,754.0,793.0,737.0,744.0,756.0,747.0,697.0,759.0,742.0,761.0,743.0,696.0,753.0,777.0,738.0,760.0,751.0,749.0,749.0,777.0,739.0,754.0,792.0,785.0,784.0,758.0,742.0,749.0,779.0,761.0,754.0,813.0,773.0,763.0,787.0,773.0,777.0,785.0,774.0,742.0,768.0,786.0,801.0,768.0,754.0,793.0,807.0,730.0,754.0,793.0,783.0,771.0,771.0,791.0,778.0,817.0,795.0,791.0,793.0,821.0,786.0,805.0,741.0,783.0,828.0,764.0,790.0,785.0,732.0,772.0,732.0,742.0,798.0,825.0,799.0,803.0,847.0,822.0,827.0,759.0,763.0,732.0,765.0,759.0,783.0,752.0,789.0,759.0,752.0,736.0,774.0,728.0,778.0,774.0,800.0,766.0,803.0,792.0,766.0,803.0,801.0,762.0,787.0,803.0,765.0,789.0,738.0,820.0,807.0,815.0,772.0,783.0,817.0,833.0,822.0,807.0,779.0,763.0,786.0,769.0,795.0,782.0,785.0,768.0,815.0,781.0,781.0,824.0,795.0,799.0,765.0,828.0,764.0,799.0,834.0,762.0,814.0,809.0,784.0,791.0,779.0,796.0,823.0,821.0,800.0,808.0,793.0,790.0,808.0,808.0,731.0,782.0,808.0,811.0,810.0,813.0,804.0,808.0,790.0,776.0,800.0,782.0,858.0,831.0,813.0,791.0,808.0,796.0,800.0,793.0,790.0,802.0,801.0,800.0,847.0,805.0,783.0,804.0,825.0,813.0,816.0,796.0,793.0,771.0,820.0,817.0,782.0,774.0,797.0,789.0,824.0,760.0,793.0,728.0,790.0,757.0,787.0,792.0,792.0,854.0,842.0,858.0,804.0,813.0,788.0,787.0,819.0,805.0,854.0,784.0,823.0,781.0,772.0,787.0,767.0,755.0,805.0,834.0,801.0,775.0,791.0,816.0,794.0,737.0,817.0,789.0,806.0,774.0,795.0,777.0,825.0,803.0,826.0
IGF1R,0.0,127.0,134.0,114.0,116.0,116.0,119.0,134.0,111.0,132.0,127.0,133.0,122.0,110.0,126.0,124.0,121.0,103.0,120.0,131.0,141.0,188.0,225.0,237.0,225.0,214.0,230.0,207.0,230.0,231.0,195.0,210.0,207.0,219.0,213.0,205.0,219.0,193.0,205.0,220.0,220.0,346.0,289.0,296.0,296.0,314.0,294.0,312.0,283.0,302.0,290.0,295.0,319.0,310.0,283.0,271.0,299.0,292.0,306.0,334.0,296.0,346.0,341.0,373.0,373.0,353.0,363.0,389.0,369.0,330.0,391.0,371.0,326.0,379.0,370.0,361.0,362.0,318.0,368.0,393.0,361.0,441.0,412.0,435.0,414.0,402.0,471.0,423.0,450.0,431.0,398.0,435.0,425.0,441.0,422.0,397.0,420.0,380.0,405.0,402.0,402.0,458.0,460.0,474.0,457.0,465.0,454.0,461.0,463.0,496.0,485.0,514.0,495.0,494.0,474.0,490.0,497.0,483.0,490.0,450.0,455.0,525.0,467.0,507.0,542.0,507.0,503.0,490.0,480.0,539.0,518.0,506.0,522.0,518.0,513.0,470.0,548.0,517.0,466.0,534.0,482.0,531.0,563.0,536.0,547.0,507.0,530.0,591.0,513.0,535.0,513.0,531.0,533.0,511.0,501.0,529.0,555.0,529.0,537.0,527.0,558.0,582.0,552.0,550.0,562.0,503.0,542.0,532.0,563.0,601.0,531.0,598.0,598.0,575.0,542.0,587.0,557.0,560.0,542.0,526.0,565.0,615.0,551.0,593.0,563.0,595.0,579.0,585.0,574.0,589.0,610.0,628.0,606.0,589.0,579.0,572.0,610.0,575.0,569.0,613.0,589.0,612.0,596.0,619.0,616.0,629.0,618.0,592.0,599.0,622.0,633.0,613.0,591.0,613.0,623.0,556.0,593.0,588.0,617.0,617.0,598.0,615.0,639.0,641.0,617.0,600.0,627.0,651.0,638.0,660.0,586.0,599.0,647.0,595.0,609.0,643.0,609.0,618.0,580.0,591.0,639.0,670.0,653.0,609.0,665.0,649.0,676.0,605.0,621.0,588.0,639.0,594.0,629.0,592.0,654.0,619.0,602.0,572.0,623.0,587.0,627.0,632.0,666.0,627.0,656.0,647.0,620.0,644.0,661.0,628.0,631.0,652.0,606.0,650.0,612.0,669.0,642.0,652.0,650.0,651.0,680.0,668.0,686.0,664.0,653.0,641.0,640.0,643.0,672.0,658.0,654.0,628.0,660.0,674.0,665.0,676.0,637.0,648.0,636.0,694.0,625.0,654.0,698.0,639.0,699.0,687.0,652.0,658.0,648.0,657.0,667.0,683.0,653.0,681.0,654.0,657.0,688.0,686.0,625.0,652.0,659.0,666.0,676.0,660.0,677.0,674.0,662.0,635.0,674.0,644.0,722.0,699.0,694.0,676.0,672.0,659.0,673.0,678.0,671.0,678.0,686.0,671.0,713.0,681.0,642.0,680.0,694.0,701.0,684.0,703.0,670.0,660.0,679.0,717.0,650.0,653.0,654.0,677.0,695.0,644.0,682.0,629.0,688.0,663.0,679.0,671.0,669.0,734.0,701.0,734.0,678.0,698.0,690.0,671.0,704.0,710.0,719.0,667.0,702.0,650.0,677.0,686.0,658.0,645.0,708.0,737.0,669.0,660.0,706.0,692.0,695.0,647.0,695.0,675.0,705.0,693.0,669.0,664.0,716.0,697.0,721.0
IKBKB,0.0,194.0,188.0,187.0,198.0,186.0,201.0,199.0,185.0,203.0,173.0,189.0,192.0,171.0,204.0,190.0,197.0,172.0,194.0,180.0,210.0,295.0,341.0,354.0,335.0,314.0,341.0,314.0,330.0,339.0,318.0,322.0,332.0,324.0,338.0,333.0,313.0,300.0,331.0,341.0,340.0,504.0,423.0,477.0,448.0,451.0,456.0,463.0,446.0,436.0,430.0,448.0,477.0,462.0,433.0,389.0,444.0,446.0,447.0,486.0,442.0,539.0,504.0,533.0,558.0,526.0,533.0,557.0,530.0,494.0,571.0,528.0,498.0,543.0,552.0,544.0,525.0,515.0,533.0,602.0,560.0,611.0,586.0,625.0,590.0,582.0,643.0,599.0,651.0,600.0,572.0,626.0,625.0,626.0,618.0,585.0,606.0,580.0,605.0,607.0,582.0,681.0,660.0,684.0,650.0,655.0,648.0,671.0,672.0,705.0,671.0,700.0,681.0,679.0,667.0,679.0,687.0,696.0,732.0,652.0,656.0,714.0,684.0,723.0,737.0,717.0,712.0,699.0,686.0,751.0,729.0,717.0,745.0,716.0,708.0,679.0,733.0,712.0,681.0,729.0,668.0,754.0,767.0,725.0,758.0,729.0,753.0,787.0,734.0,765.0,743.0,737.0,727.0,711.0,733.0,764.0,773.0,738.0,749.0,714.0,774.0,786.0,792.0,770.0,794.0,706.0,749.0,753.0,767.0,801.0,763.0,760.0,799.0,771.0,728.0,802.0,794.0,803.0,756.0,719.0,792.0,826.0,787.0,795.0,778.0,778.0,796.0,810.0,773.0,777.0,828.0,835.0,827.0,796.0,787.0,806.0,832.0,804.0,785.0,838.0,790.0,804.0,821.0,799.0,833.0,839.0,825.0,789.0,802.0,825.0,833.0,835.0,806.0,846.0,839.0,765.0,809.0,852.0,801.0,803.0,823.0,827.0,825.0,877.0,837.0,838.0,833.0,866.0,839.0,862.0,792.0,835.0,872.0,804.0,830.0,841.0,765.0,820.0,780.0,798.0,854.0,861.0,872.0,861.0,891.0,879.0,876.0,820.0,828.0,780.0,805.0,792.0,827.0,802.0,853.0,802.0,801.0,786.0,852.0,782.0,834.0,826.0,839.0,795.0,853.0,842.0,817.0,879.0,862.0,834.0,841.0,841.0,812.0,848.0,798.0,878.0,854.0,876.0,822.0,858.0,886.0,887.0,872.0,861.0,856.0,835.0,847.0,824.0,845.0,858.0,849.0,819.0,861.0,840.0,841.0,874.0,862.0,847.0,825.0,886.0,835.0,862.0,898.0,834.0,866.0,881.0,851.0,854.0,834.0,852.0,880.0,864.0,862.0,894.0,840.0,866.0,875.0,878.0,806.0,831.0,857.0,865.0,856.0,871.0,850.0,860.0,837.0,847.0,865.0,829.0,934.0,881.0,891.0,870.0,869.0,847.0,857.0,866.0,849.0,867.0,868.0,866.0,918.0,874.0,863.0,860.0,893.0,877.0,878.0,882.0,850.0,835.0,884.0,875.0,849.0,820.0,870.0,850.0,892.0,817.0,840.0,798.0,857.0,828.0,841.0,858.0,850.0,914.0,904.0,928.0,882.0,885.0,852.0,861.0,877.0,872.0,907.0,856.0,871.0,856.0,837.0,842.0,841.0,816.0,876.0,906.0,863.0,849.0,868.0,887.0,858.0,811.0,880.0,848.0,872.0,841.0,870.0,857.0,876.0,877.0,897.0
INSR,0.0,168.0,154.0,166.0,161.0,153.0,155.0,162.0,152.0,160.0,151.0,164.0,160.0,142.0,161.0,155.0,155.0,141.0,154.0,144.0,180.0,247.0,269.0,288.0,270.0,269.0,282.0,259.0,286.0,292.0,256.0,258.0,272.0,267.0,277.0,263.0,258.0,244.0,270.0,296.0,280.0,413.0,353.0,385.0,358.0,375.0,370.0,384.0,367.0,368.0,353.0,365.0,388.0,383.0,362.0,325.0,378.0,352.0,377.0,398.0,370.0,424.0,401.0,443.0,459.0,432.0,446.0,460.0,441.0,393.0,462.0,437.0,407.0,451.0,460.0,442.0,430.0,421.0,440.0,486.0,455.0,507.0,487.0,511.0,494.0,475.0,521.0,512.0,536.0,500.0,476.0,517.0,524.0,528.0,507.0,479.0,507.0,482.0,484.0,493.0,472.0,560.0,556.0,551.0,544.0,542.0,533.0,563.0,547.0,589.0,548.0,571.0,576.0,566.0,559.0,563.0,588.0,575.0,592.0,542.0,539.0,601.0,555.0,613.0,599.0,570.0,596.0,581.0,552.0,617.0,602.0,606.0,620.0,591.0,610.0,546.0,617.0,603.0,553.0,628.0,552.0,631.0,622.0,592.0,623.0,614.0,627.0,663.0,594.0,629.0,594.0,626.0,590.0,581.0,598.0,631.0,633.0,608.0,606.0,592.0,648.0,639.0,649.0,611.0,658.0,586.0,622.0,612.0,632.0,664.0,637.0,653.0,661.0,642.0,608.0,650.0,658.0,653.0,625.0,582.0,633.0,682.0,655.0,680.0,644.0,662.0,656.0,666.0,627.0,657.0,684.0,690.0,674.0,650.0,650.0,646.0,663.0,671.0,652.0,699.0,670.0,670.0,690.0,672.0,680.0,678.0,684.0,641.0,686.0,695.0,696.0,683.0,663.0,692.0,702.0,651.0,653.0,689.0,674.0,657.0,686.0,706.0,710.0,722.0,684.0,697.0,703.0,728.0,710.0,719.0,657.0,674.0,712.0,666.0,683.0,702.0,652.0,672.0,647.0,651.0,697.0,712.0,708.0,710.0,749.0,735.0,724.0,675.0,679.0,649.0,675.0,655.0,692.0,659.0,704.0,674.0,656.0,635.0,699.0,648.0,686.0,694.0,710.0,677.0,708.0,711.0,691.0,713.0,696.0,664.0,700.0,698.0,667.0,709.0,665.0,721.0,718.0,716.0,707.0,699.0,727.0,749.0,735.0,717.0,688.0,688.0,711.0,679.0,724.0,721.0,722.0,680.0,724.0,716.0,710.0,742.0,698.0,722.0,677.0,754.0,705.0,717.0,757.0,691.0,751.0,742.0,711.0,707.0,700.0,717.0,731.0,740.0,734.0,747.0,726.0,714.0,749.0,743.0,663.0,712.0,725.0,732.0,713.0,735.0,733.0,716.0,712.0,714.0,733.0,705.0,772.0,747.0,758.0,725.0,732.0,711.0,727.0,744.0,720.0,724.0,739.0,738.0,769.0,726.0,710.0,732.0,767.0,740.0,734.0,743.0,734.0,720.0,746.0,738.0,712.0,716.0,726.0,722.0,749.0,687.0,711.0,675.0,730.0,700.0,727.0,728.0,713.0,760.0,772.0,777.0,742.0,739.0,729.0,726.0,731.0,744.0,781.0,707.0,757.0,710.0,700.0,726.0,692.0,694.0,745.0,750.0,725.0,713.0,733.0,736.0,749.0,684.0,754.0,737.0,742.0,718.0,723.0,703.0,746.0,745.0,747.0
IRS1,0.0,115.0,96.0,94.0,98.0,105.0,111.0,113.0,106.0,99.0,109.0,114.0,110.0,95.0,101.0,106.0,110.0,80.0,96.0,99.0,117.0,165.0,178.0,201.0,187.0,188.0,201.0,163.0,200.0,201.0,181.0,175.0,196.0,184.0,188.0,192.0,177.0,155.0,186.0,190.0,193.0,288.0,245.0,273.0,272.0,279.0,272.0,291.0,251.0,254.0,254.0,259.0,290.0,270.0,260.0,231.0,272.0,259.0,260.0,290.0,269.0,303.0,286.0,317.0,330.0,313.0,334.0,327.0,339.0,295.0,338.0,317.0,279.0,328.0,324.0,298.0,313.0,287.0,327.0,353.0,330.0,388.0,366.0,388.0,368.0,356.0,409.0,364.0,399.0,395.0,337.0,375.0,384.0,383.0,376.0,352.0,369.0,362.0,362.0,348.0,360.0,405.0,405.0,424.0,390.0,423.0,399.0,416.0,410.0,446.0,422.0,460.0,454.0,445.0,424.0,428.0,433.0,443.0,433.0,409.0,400.0,464.0,439.0,460.0,494.0,462.0,452.0,460.0,419.0,477.0,463.0,450.0,476.0,474.0,471.0,409.0,480.0,458.0,409.0,495.0,417.0,475.0,516.0,466.0,472.0,469.0,476.0,545.0,460.0,477.0,455.0,484.0,491.0,446.0,468.0,485.0,529.0,458.0,472.0,494.0,505.0,515.0,520.0,488.0,509.0,444.0,496.0,494.0,508.0,541.0,521.0,527.0,552.0,532.0,469.0,525.0,507.0,513.0,484.0,468.0,528.0,559.0,512.0,544.0,522.0,570.0,522.0,545.0,538.0,530.0,557.0,572.0,544.0,527.0,532.0,528.0,547.0,535.0,525.0,560.0,529.0,573.0,530.0,571.0,564.0,565.0,558.0,545.0,543.0,588.0,564.0,553.0,568.0,540.0,583.0,523.0,560.0,561.0,548.0,545.0,552.0,568.0,589.0,587.0,580.0,566.0,574.0,600.0,580.0,612.0,571.0,561.0,596.0,557.0,574.0,588.0,542.0,577.0,518.0,547.0,580.0,628.0,619.0,561.0,615.0,625.0,639.0,551.0,568.0,542.0,582.0,554.0,603.0,560.0,606.0,585.0,570.0,540.0,579.0,541.0,570.0,589.0,602.0,582.0,594.0,593.0,570.0,599.0,601.0,571.0,593.0,598.0,581.0,582.0,576.0,612.0,607.0,579.0,585.0,607.0,639.0,629.0,642.0,632.0,602.0,612.0,597.0,581.0,611.0,627.0,606.0,596.0,592.0,612.0,596.0,636.0,600.0,621.0,586.0,639.0,576.0,618.0,656.0,596.0,655.0,634.0,600.0,626.0,614.0,617.0,636.0,617.0,622.0,657.0,604.0,616.0,640.0,640.0,586.0,602.0,624.0,630.0,640.0,638.0,630.0,624.0,617.0,619.0,616.0,591.0,675.0,653.0,662.0,641.0,641.0,630.0,630.0,657.0,626.0,656.0,638.0,639.0,660.0,649.0,620.0,648.0,662.0,654.0,649.0,676.0,621.0,618.0,637.0,664.0,625.0,616.0,624.0,642.0,654.0,611.0,641.0,590.0,651.0,614.0,637.0,621.0,646.0,683.0,677.0,706.0,655.0,658.0,664.0,643.0,656.0,651.0,678.0,638.0,659.0,613.0,627.0,653.0,621.0,606.0,671.0,654.0,629.0,639.0,649.0,651.0,648.0,610.0,683.0,630.0,647.0,639.0,648.0,627.0,671.0,654.0,674.0
KRAS,0.0,139.0,139.0,126.0,128.0,127.0,120.0,132.0,126.0,144.0,125.0,144.0,137.0,128.0,136.0,129.0,132.0,114.0,140.0,122.0,143.0,206.0,234.0,244.0,223.0,232.0,249.0,219.0,237.0,231.0,211.0,212.0,217.0,233.0,236.0,233.0,220.0,215.0,212.0,245.0,238.0,337.0,300.0,336.0,304.0,327.0,326.0,310.0,306.0,308.0,293.0,301.0,337.0,331.0,299.0,274.0,319.0,304.0,326.0,349.0,308.0,362.0,355.0,377.0,408.0,373.0,385.0,402.0,378.0,339.0,409.0,373.0,346.0,395.0,389.0,377.0,380.0,356.0,388.0,405.0,383.0,443.0,425.0,451.0,439.0,421.0,471.0,459.0,459.0,427.0,398.0,464.0,455.0,462.0,445.0,418.0,421.0,412.0,422.0,441.0,431.0,480.0,472.0,473.0,473.0,483.0,478.0,478.0,456.0,509.0,477.0,512.0,502.0,505.0,501.0,473.0,508.0,507.0,512.0,463.0,461.0,524.0,494.0,535.0,541.0,531.0,503.0,524.0,477.0,540.0,528.0,537.0,540.0,519.0,527.0,482.0,569.0,528.0,490.0,549.0,504.0,557.0,570.0,534.0,544.0,539.0,544.0,589.0,538.0,549.0,539.0,544.0,541.0,530.0,522.0,557.0,576.0,551.0,549.0,522.0,562.0,576.0,585.0,558.0,583.0,510.0,543.0,548.0,566.0,608.0,553.0,582.0,601.0,576.0,535.0,587.0,592.0,579.0,553.0,553.0,579.0,622.0,579.0,586.0,586.0,611.0,592.0,614.0,590.0,582.0,634.0,608.0,599.0,591.0,579.0,582.0,603.0,610.0,578.0,657.0,599.0,595.0,614.0,620.0,625.0,621.0,629.0,574.0,594.0,620.0,630.0,617.0,592.0,629.0,639.0,576.0,590.0,616.0,608.0,604.0,603.0,627.0,642.0,640.0,646.0,598.0,654.0,664.0,658.0,653.0,601.0,601.0,664.0,607.0,616.0,650.0,591.0,633.0,582.0,599.0,643.0,670.0,665.0,640.0,680.0,680.0,684.0,612.0,626.0,592.0,631.0,597.0,663.0,604.0,642.0,614.0,607.0,582.0,646.0,575.0,637.0,649.0,660.0,626.0,662.0,654.0,620.0,651.0,642.0,613.0,630.0,655.0,625.0,639.0,629.0,663.0,658.0,663.0,634.0,643.0,680.0,667.0,698.0,672.0,647.0,658.0,657.0,631.0,659.0,684.0,662.0,644.0,666.0,665.0,653.0,686.0,655.0,665.0,631.0,690.0,650.0,662.0,711.0,655.0,714.0,689.0,651.0,660.0,639.0,657.0,690.0,669.0,668.0,685.0,646.0,661.0,685.0,686.0,638.0,652.0,659.0,691.0,683.0,665.0,673.0,672.0,675.0,657.0,687.0,654.0,714.0,695.0,704.0,675.0,693.0,636.0,688.0,691.0,683.0,662.0,678.0,679.0,708.0,670.0,653.0,688.0,703.0,715.0,689.0,705.0,677.0,653.0,687.0,707.0,653.0,653.0,651.0,670.0,719.0,635.0,662.0,622.0,678.0,648.0,668.0,672.0,672.0,722.0,721.0,729.0,694.0,689.0,695.0,662.0,693.0,698.0,718.0,671.0,703.0,674.0,669.0,665.0,661.0,648.0,693.0,698.0,678.0,647.0,702.0,710.0,712.0,643.0,698.0,684.0,690.0,692.0,666.0,668.0,728.0,694.0,718.0
MAP2K3/MAP2K6,4911.0,4383.0,4337.0,4361.0,4364.0,4361.0,4400.0,4389.0,4345.0,4380.0,4354.0,4341.0,4372.0,4381.0,4411.0,4363.0,4358.0,4370.0,4375.0,4346.0,4398.0,3904.0,3875.0,3935.0,3905.0,3893.0,3915.0,3892.0,3909.0,3917.0,3924.0,3944.0,3947.0,3907.0,3880.0,3919.0,3866.0,3910.0,3899.0,3922.0,3918.0,3554.0,3531.0,3620.0,3581.0,3582.0,3558.0,3558.0,3506.0,3526.0,3569.0,3579.0,3529.0,3575.0,3549.0,3567.0,3545.0,3523.0,3522.0,3583.0,3522.0,3244.0,3260.0,3215.0,3242.0,3256.0,3227.0,3236.0,3251.0,3221.0,3258.0,3232.0,3269.0,3215.0,3268.0,3221.0,3233.0,3250.0,3250.0,3296.0,3230.0,2949.0,2961.0,2984.0,2984.0,2954.0,2980.0,2962.0,3041.0,2973.0,2946.0,3047.0,2985.0,3013.0,3044.0,2983.0,2980.0,2935.0,2980.0,3017.0,3009.0,2795.0,2753.0,2765.0,2740.0,2765.0,2763.0,2762.0,2786.0,2844.0,2770.0,2772.0,2779.0,2730.0,2768.0,2737.0,2790.0,2756.0,2842.0,2742.0,2730.0,2582.0,2548.0,2560.0,2639.0,2563.0,2531.0,2503.0,2502.0,2560.0,2510.0,2558.0,2553.0,2555.0,2581.0,2521.0,2589.0,2603.0,2600.0,2565.0,2522.0,2414.0,2498.0,2384.0,2424.0,2463.0,2406.0,2423.0,2418.0,2350.0,2357.0,2413.0,2384.0,2385.0,2363.0,2452.0,2437.0,2374.0,2407.0,2352.0,2408.0,2315.0,2323.0,2278.0,2268.0,2193.0,2242.0,2283.0,2225.0,2259.0,2254.0,2244.0,2280.0,2248.0,2256.0,2251.0,2275.0,2316.0,2213.0,2186.0,2314.0,2085.0,2099.0,2113.0,2112.0,2128.0,2125.0,2172.0,2055.0,2148.0,2169.0,2180.0,2071.0,2116.0,2139.0,2079.0,2126.0,2123.0,2048.0,2148.0,2137.0,1997.0,2018.0,2065.0,2017.0,2023.0,2042.0,1985.0,1982.0,2019.0,2084.0,2069.0,2001.0,2052.0,2056.0,2005.0,1949.0,2075.0,2039.0,2038.0,1982.0,1899.0,1844.0,1921.0,1873.0,1969.0,1954.0,1946.0,1931.0,1952.0,1895.0,1934.0,1950.0,1902.0,1959.0,1935.0,1884.0,1859.0,1900.0,1897.0,1882.0,1834.0,1864.0,1879.0,1886.0,1810.0,1854.0,1794.0,1798.0,1822.0,1861.0,1850.0,1803.0,1767.0,1849.0,1780.0,1860.0,1834.0,1828.0,1851.0,1860.0,1719.0,1734.0,1733.0,1769.0,1839.0,1734.0,1722.0,1776.0,1721.0,1765.0,1719.0,1705.0,1813.0,1733.0,1741.0,1763.0,1762.0,1802.0,1779.0,1771.0,1723.0,1705.0,1677.0,1635.0,1626.0,1680.0,1664.0,1696.0,1724.0,1650.0,1619.0,1706.0,1706.0,1743.0,1682.0,1648.0,1699.0,1623.0,1762.0,1659.0,1628.0,1688.0,1605.0,1629.0,1648.0,1611.0,1594.0,1548.0,1630.0,1631.0,1607.0,1623.0,1607.0,1626.0,1616.0,1619.0,1647.0,1602.0,1657.0,1597.0,1519.0,1596.0,1632.0,1540.0,1564.0,1553.0,1555.0,1591.0,1538.0,1579.0,1608.0,1589.0,1559.0,1592.0,1565.0,1598.0,1602.0,1542.0,1612.0,1527.0,1515.0,1567.0,1523.0,1489.0,1527.0,1519.0,1480.0,1506.0,1500.0,1493.0,1482.0,1521.0,1560.0,1481.0,1490.0,1498.0,1483.0,1564.0,1485.0,1482.0,1412.0,1451.0,1458.0,1464.0,1437.0,1431.0,1516.0,1548.0,1489.0,1455.0,1507.0,1539.0,1457.0,1461.0,1469.0,1474.0,1453.0,1488.0,1492.0,1443.0,1428.0,1374.0,1353.0,1457.0,1423.0,1398.0,1393.0,1378.0,1379.0,1445.0,1396.0,1432.0,1432.0,1466.0,1427.0,1418.0,1403.0,1448.0,1447.0,1402.0
MAPK1,0.0,191.0,181.0,181.0,195.0,180.0,191.0,190.0,174.0,192.0,169.0,180.0,188.0,166.0,193.0,185.0,196.0,166.0,188.0,174.0,197.0,269.0,325.0,338.0,317.0,306.0,315.0,293.0,311.0,326.0,304.0,307.0,311.0,308.0,320.0,312.0,298.0,282.0,308.0,323.0,320.0,465.0,399.0,442.0,418.0,430.0,429.0,424.0,410.0,408.0,402.0,421.0,451.0,424.0,403.0,361.0,429.0,413.0,417.0,454.0,412.0,488.0,473.0,494.0,518.0,473.0,505.0,511.0,490.0,451.0,526.0,498.0,459.0,503.0,522.0,490.0,493.0,459.0,493.0,548.0,520.0,572.0,543.0,573.0,542.0,544.0,590.0,553.0,603.0,556.0,533.0,584.0,570.0,592.0,576.0,550.0,564.0,549.0,548.0,562.0,537.0,612.0,615.0,619.0,589.0,603.0,590.0,622.0,614.0,651.0,621.0,639.0,628.0,627.0,626.0,623.0,643.0,641.0,667.0,601.0,601.0,654.0,627.0,656.0,671.0,650.0,650.0,650.0,626.0,677.0,661.0,660.0,669.0,661.0,650.0,625.0,687.0,667.0,604.0,687.0,624.0,688.0,706.0,647.0,696.0,675.0,681.0,717.0,672.0,695.0,668.0,684.0,659.0,647.0,659.0,687.0,697.0,666.0,686.0,644.0,699.0,722.0,726.0,680.0,716.0,642.0,679.0,674.0,695.0,752.0,699.0,707.0,714.0,703.0,657.0,714.0,718.0,719.0,695.0,661.0,710.0,743.0,705.0,722.0,713.0,718.0,712.0,737.0,690.0,724.0,752.0,762.0,743.0,736.0,705.0,715.0,742.0,720.0,705.0,780.0,715.0,731.0,741.0,739.0,747.0,748.0,741.0,706.0,727.0,752.0,761.0,738.0,714.0,751.0,762.0,693.0,719.0,757.0,738.0,737.0,730.0,764.0,744.0,787.0,762.0,743.0,745.0,792.0,757.0,776.0,716.0,740.0,777.0,722.0,734.0,758.0,692.0,738.0,705.0,718.0,760.0,781.0,780.0,777.0,802.0,784.0,776.0,730.0,745.0,694.0,725.0,709.0,737.0,713.0,751.0,734.0,731.0,696.0,745.0,699.0,747.0,740.0,754.0,724.0,771.0,759.0,734.0,767.0,772.0,743.0,751.0,768.0,728.0,761.0,710.0,777.0,772.0,780.0,738.0,751.0,799.0,795.0,799.0,771.0,752.0,733.0,766.0,734.0,770.0,756.0,761.0,738.0,787.0,755.0,761.0,779.0,768.0,771.0,727.0,801.0,726.0,772.0,808.0,748.0,785.0,795.0,754.0,763.0,750.0,764.0,802.0,788.0,787.0,781.0,764.0,777.0,790.0,784.0,717.0,760.0,770.0,790.0,769.0,775.0,780.0,780.0,759.0,747.0,767.0,747.0,815.0,787.0,798.0,770.0,784.0,755.0,774.0,776.0,762.0,768.0,776.0,776.0,813.0,785.0,755.0,765.0,801.0,792.0,777.0,772.0,766.0,747.0,786.0,794.0,750.0,753.0,765.0,771.0,789.0,730.0,754.0,699.0,766.0,738.0,762.0,759.0,762.0,815.0,823.0,823.0,783.0,789.0,770.0,757.0,780.0,788.0,824.0,751.0,791.0,755.0,746.0,768.0,747.0,737.0,784.0,809.0,765.0,754.0,773.0,786.0,769.0,725.0,787.0,777.0,791.0,772.0,771.0,748.0,802.0,794.0,800.0
MAPK14,4911.0,4425.0,4376.0,4409.0,4420.0,4406.0,4449.0,4425.0,4397.0,4425.0,4395.0,4378.0,4413.0,4427.0,4440.0,4417.0,4389.0,4405.0,4409.0,4396.0,4437.0,3995.0,3959.0,4009.0,3986.0,3977.0,3980.0,3964.0,3994.0,3992.0,4011.0,4010.0,4030.0,3997.0,3970.0,3987.0,3949.0,3987.0,3981.0,4003.0,3993.0,3647.0,3644.0,3687.0,3665.0,3672.0,3650.0,3655.0,3605.0,3627.0,3659.0,3682.0,3638.0,3673.0,3660.0,3662.0,3645.0,3636.0,3616.0,3663.0,3614.0,3349.0,3363.0,3335.0,3340.0,3342.0,3339.0,3356.0,3357.0,3323.0,3368.0,3342.0,3396.0,3335.0,3395.0,3352.0,3352.0,3367.0,3375.0,3400.0,3343.0,3087.0,3104.0,3109.0,3103.0,3108.0,3093.0,3100.0,3175.0,3092.0,3094.0,3202.0,3117.0,3137.0,3166.0,3116.0,3112.0,3051.0,3110.0,3134.0,3127.0,2914.0,2886.0,2882.0,2887.0,2896.0,2888.0,2904.0,2925.0,2965.0,2906.0,2902.0,2911.0,2881.0,2899.0,2860.0,2915.0,2895.0,2969.0,2887.0,2873.0,2715.0,2690.0,2707.0,2789.0,2716.0,2673.0,2645.0,2638.0,2699.0,2639.0,2698.0,2707.0,2685.0,2712.0,2661.0,2719.0,2712.0,2707.0,2695.0,2668.0,2550.0,2647.0,2521.0,2567.0,2591.0,2548.0,2571.0,2549.0,2499.0,2497.0,2552.0,2534.0,2510.0,2517.0,2595.0,2572.0,2531.0,2527.0,2502.0,2543.0,2468.0,2487.0,2416.0,2407.0,2340.0,2369.0,2414.0,2357.0,2405.0,2381.0,2396.0,2428.0,2395.0,2407.0,2382.0,2406.0,2460.0,2361.0,2354.0,2460.0,2231.0,2229.0,2261.0,2259.0,2276.0,2286.0,2305.0,2195.0,2299.0,2307.0,2328.0,2209.0,2292.0,2296.0,2231.0,2296.0,2274.0,2204.0,2278.0,2276.0,2157.0,2179.0,2208.0,2163.0,2182.0,2186.0,2121.0,2137.0,2177.0,2219.0,2220.0,2131.0,2166.0,2209.0,2136.0,2099.0,2224.0,2187.0,2190.0,2127.0,2060.0,2009.0,2052.0,2025.0,2110.0,2092.0,2092.0,2063.0,2082.0,2045.0,2091.0,2081.0,2038.0,2079.0,2073.0,2024.0,1990.0,2030.0,2051.0,2003.0,1974.0,2024.0,2008.0,2024.0,1939.0,1999.0,1935.0,1926.0,1974.0,1991.0,1982.0,1950.0,1904.0,1967.0,1916.0,2019.0,1988.0,1966.0,1979.0,2009.0,1896.0,1886.0,1872.0,1912.0,1986.0,1863.0,1873.0,1916.0,1853.0,1902.0,1881.0,1857.0,1962.0,1864.0,1897.0,1907.0,1898.0,1935.0,1923.0,1929.0,1879.0,1842.0,1811.0,1768.0,1794.0,1821.0,1837.0,1836.0,1875.0,1796.0,1769.0,1865.0,1836.0,1879.0,1809.0,1783.0,1828.0,1782.0,1897.0,1811.0,1757.0,1812.0,1751.0,1751.0,1775.0,1748.0,1740.0,1700.0,1753.0,1761.0,1765.0,1755.0,1745.0,1756.0,1745.0,1756.0,1793.0,1725.0,1780.0,1727.0,1654.0,1729.0,1739.0,1658.0,1701.0,1711.0,1686.0,1735.0,1673.0,1686.0,1736.0,1721.0,1696.0,1719.0,1676.0,1734.0,1740.0,1674.0,1760.0,1661.0,1652.0,1709.0,1647.0,1647.0,1655.0,1643.0,1626.0,1629.0,1629.0,1627.0,1624.0,1645.0,1682.0,1622.0,1641.0,1613.0,1630.0,1693.0,1627.0,1625.0,1555.0,1591.0,1602.0,1567.0,1584.0,1576.0,1683.0,1679.0,1637.0,1575.0,1641.0,1670.0,1595.0,1584.0,1596.0,1613.0,1598.0,1621.0,1602.0,1580.0,1543.0,1525.0,1496.0,1593.0,1564.0,1531.0,1516.0,1493.0,1514.0,1560.0,1530.0,1569.0,1577.0,1594.0,1562.0,1562.0,1525.0,1566.0,1569.0,1518.0
MDM2,0.0,93.0,77.0,75.0,85.0,78.0,85.0,87.0,72.0,84.0,77.0,83.0,77.0,72.0,81.0,90.0,98.0,73.0,75.0,81.0,87.0,116.0,146.0,143.0,160.0,144.0,132.0,126.0,155.0,147.0,128.0,126.0,121.0,139.0,162.0,143.0,140.0,120.0,139.0,157.0,150.0,197.0,189.0,204.0,188.0,197.0,193.0,196.0,178.0,173.0,175.0,201.0,201.0,189.0,180.0,143.0,181.0,187.0,205.0,199.0,199.0,227.0,218.0,219.0,226.0,241.0,242.0,251.0,218.0,210.0,241.0,233.0,220.0,252.0,245.0,216.0,228.0,207.0,235.0,278.0,226.0,260.0,270.0,284.0,261.0,259.0,276.0,285.0,272.0,266.0,251.0,272.0,267.0,301.0,266.0,249.0,272.0,267.0,275.0,270.0,261.0,310.0,270.0,296.0,281.0,296.0,292.0,299.0,316.0,312.0,293.0,325.0,285.0,301.0,299.0,277.0,316.0,324.0,335.0,295.0,271.0,332.0,316.0,347.0,341.0,332.0,319.0,321.0,322.0,335.0,328.0,321.0,328.0,328.0,303.0,308.0,338.0,340.0,297.0,321.0,313.0,342.0,351.0,334.0,349.0,338.0,311.0,360.0,328.0,362.0,327.0,319.0,353.0,308.0,329.0,352.0,344.0,307.0,286.0,314.0,350.0,368.0,352.0,329.0,379.0,320.0,353.0,344.0,347.0,381.0,357.0,368.0,354.0,371.0,323.0,366.0,353.0,352.0,357.0,330.0,379.0,389.0,348.0,376.0,370.0,371.0,326.0,398.0,353.0,394.0,375.0,376.0,391.0,378.0,356.0,381.0,387.0,401.0,357.0,359.0,383.0,363.0,378.0,368.0,380.0,383.0,386.0,394.0,351.0,394.0,369.0,371.0,394.0,361.0,414.0,355.0,399.0,384.0,357.0,365.0,398.0,371.0,350.0,410.0,373.0,406.0,420.0,397.0,394.0,392.0,372.0,393.0,399.0,380.0,403.0,408.0,354.0,410.0,373.0,373.0,414.0,410.0,428.0,378.0,438.0,415.0,420.0,398.0,402.0,375.0,384.0,376.0,396.0,381.0,409.0,413.0,359.0,380.0,374.0,375.0,399.0,381.0,431.0,402.0,424.0,407.0,385.0,410.0,387.0,361.0,394.0,410.0,384.0,409.0,394.0,435.0,410.0,430.0,389.0,383.0,414.0,449.0,432.0,425.0,397.0,375.0,381.0,370.0,429.0,383.0,412.0,390.0,406.0,378.0,413.0,432.0,408.0,401.0,420.0,423.0,408.0,436.0,471.0,400.0,416.0,443.0,424.0,411.0,424.0,417.0,420.0,421.0,456.0,428.0,401.0,382.0,404.0,413.0,400.0,391.0,430.0,418.0,435.0,420.0,414.0,417.0,414.0,400.0,411.0,405.0,459.0,443.0,432.0,398.0,440.0,425.0,433.0,409.0,424.0,424.0,421.0,439.0,466.0,452.0,413.0,423.0,453.0,438.0,413.0,427.0,413.0,407.0,426.0,439.0,406.0,413.0,412.0,427.0,449.0,404.0,421.0,399.0,448.0,436.0,404.0,430.0,428.0,470.0,477.0,466.0,437.0,452.0,436.0,451.0,413.0,429.0,452.0,406.0,422.0,426.0,402.0,421.0,429.0,422.0,458.0,447.0,411.0,423.0,444.0,431.0,445.0,424.0,425.0,422.0,433.0,432.0,406.0,430.0,456.0,443.0,427.0
MTOR,0.0,0.0,0.0,0.0,0.0,0.0,0.0,0.0,0.0,0.0,0.0,0.0,0.0,0.0,0.0,0.0,0.0,0.0,0.0,0.0,0.0,0.0,0.0,0.0,0.0,0.0,0.0,0.0,0.0,0.0,0.0,0.0,0.0,0.0,0.0,0.0,0.0,0.0,0.0,0.0,0.0,0.0,0.0,0.0,0.0,0.0,0.0,0.0,0.0,0.0,0.0,0.0,0.0,0.0,0.0,0.0,0.0,0.0,0.0,0.0,0.0,0.0,0.0,0.0,0.0,0.0,0.0,0.0,0.0,0.0,0.0,0.0,0.0,0.0,0.0,0.0,0.0,0.0,0.0,0.0,0.0,0.0,0.0,0.0,0.0,0.0,0.0,0.0,0.0,0.0,0.0,0.0,0.0,0.0,0.0,0.0,0.0,0.0,0.0,0.0,0.0,0.0,0.0,0.0,0.0,0.0,0.0,0.0,0.0,0.0,0.0,0.0,0.0,0.0,0.0,0.0,0.0,0.0,0.0,0.0,0.0,0.0,0.0,0.0,0.0,0.0,0.0,0.0,0.0,0.0,0.0,0.0,0.0,0.0,0.0,0.0,0.0,0.0,0.0,0.0,0.0,0.0,0.0,0.0,0.0,0.0,0.0,0.0,0.0,0.0,0.0,0.0,0.0,0.0,0.0,0.0,0.0,0.0,0.0,0.0,0.0,0.0,0.0,0.0,0.0,0.0,0.0,0.0,0.0,0.0,0.0,0.0,0.0,0.0,0.0,0.0,0.0,0.0,0.0,0.0,0.0,0.0,0.0,0.0,0.0,0.0,0.0,0.0,0.0,0.0,0.0,0.0,0.0,0.0,0.0,0.0,0.0,0.0,0.0,0.0,0.0,0.0,0.0,0.0,0.0,0.0,0.0,0.0,0.0,0.0,0.0,0.0,0.0,0.0,0.0,0.0,0.0,0.0,0.0,0.0,0.0,0.0,0.0,0.0,0.0,0.0,0.0,0.0,0.0,0.0,0.0,0.0,0.0,0.0,0.0,0.0,0.0,0.0,0.0,0.0,0.0,0.0,0.0,0.0,0.0,0.0,0.0,0.0,0.0,0.0,0.0,0.0,0.0,0.0,0.0,0.0,0.0,0.0,0.0,0.0,0.0,0.0,0.0,0.0,0.0,0.0,0.0,0.0,0.0,0.0,0.0,0.0,0.0,0.0,0.0,0.0,0.0,0.0,0.0,0.0,0.0,0.0,0.0,0.0,0.0,0.0,0.0,0.0,0.0,0.0,0.0,0.0,0.0,0.0,0.0,0.0,0.0,0.0,0.0,0.0,0.0,0.0,0.0,0.0,0.0,0.0,0.0,0.0,0.0,0.0,0.0,0.0,0.0,0.0,0.0,0.0,0.0,0.0,0.0,0.0,0.0,0.0,0.0,0.0,0.0,0.0,0.0,0.0,0.0,0.0,0.0,0.0,0.0,0.0,0.0,0.0,0.0,0.0,0.0,0.0,0.0,0.0,0.0,0.0,0.0,0.0,0.0,0.0,0.0,0.0,0.0,0.0,0.0,0.0,0.0,0.0,0.0,0.0,0.0,0.0,0.0,0.0,0.0,0.0,0.0,0.0,0.0,0.0,0.0,0.0,0.0,0.0,0.0,0.0,0.0,0.0,0.0,0.0,0.0,0.0,0.0,0.0,0.0,0.0,0.0,0.0,0.0,0.0,0.0,0.0,0.0,0.0,0.0,0.0,0.0,0.0,0.0,0.0,0.0,0.0,0.0
NAD+,3.0,182.0,175.0,174.0,187.0,167.0,185.0,195.0,167.0,184.0,163.0,176.0,178.0,156.0,185.0,182.0,179.0,163.0,184.0,173.0,194.0,255.0,303.0,326.0,298.0,295.0,310.0,288.0,297.0,310.0,286.0,292.0,297.0,301.0,308.0,294.0,277.0,275.0,287.0,309.0,309.0,446.0,386.0,413.0,394.0,405.0,404.0,416.0,391.0,391.0,394.0,401.0,424.0,406.0,402.0,345.0,401.0,398.0,397.0,435.0,393.0,470.0,462.0,485.0,492.0,458.0,466.0,492.0,469.0,427.0,509.0,469.0,439.0,485.0,502.0,474.0,460.0,444.0,468.0,511.0,482.0,540.0,523.0,544.0,519.0,517.0,575.0,518.0,576.0,532.0,502.0,548.0,543.0,569.0,556.0,509.0,529.0,508.0,529.0,523.0,514.0,596.0,593.0,601.0,571.0,578.0,570.0,602.0,590.0,628.0,603.0,602.0,608.0,597.0,586.0,591.0,618.0,600.0,637.0,568.0,573.0,626.0,596.0,635.0,631.0,628.0,627.0,618.0,592.0,661.0,632.0,640.0,657.0,618.0,613.0,603.0,651.0,631.0,579.0,657.0,601.0,654.0,664.0,632.0,661.0,633.0,647.0,704.0,641.0,662.0,643.0,644.0,635.0,610.0,641.0,642.0,664.0,641.0,641.0,615.0,648.0,676.0,696.0,645.0,691.0,612.0,651.0,635.0,671.0,708.0,666.0,679.0,689.0,670.0,633.0,682.0,662.0,688.0,663.0,634.0,684.0,713.0,679.0,688.0,679.0,679.0,676.0,696.0,659.0,677.0,723.0,736.0,708.0,685.0,679.0,691.0,703.0,692.0,675.0,732.0,691.0,691.0,715.0,690.0,709.0,719.0,693.0,678.0,703.0,713.0,724.0,698.0,682.0,727.0,733.0,664.0,691.0,721.0,703.0,691.0,698.0,730.0,720.0,757.0,721.0,714.0,711.0,739.0,740.0,736.0,686.0,710.0,740.0,696.0,697.0,718.0,669.0,697.0,667.0,679.0,728.0,754.0,737.0,749.0,764.0,742.0,744.0,691.0,708.0,665.0,699.0,676.0,699.0,672.0,724.0,690.0,687.0,671.0,725.0,665.0,699.0,702.0,734.0,701.0,744.0,735.0,695.0,725.0,734.0,701.0,707.0,710.0,699.0,734.0,686.0,750.0,735.0,747.0,707.0,727.0,755.0,759.0,739.0,727.0,725.0,704.0,715.0,695.0,732.0,720.0,725.0,710.0,726.0,724.0,725.0,752.0,745.0,740.0,705.0,777.0,696.0,743.0,768.0,719.0,763.0,749.0,719.0,733.0,712.0,732.0,767.0,747.0,749.0,739.0,735.0,729.0,746.0,749.0,685.0,720.0,728.0,749.0,715.0,747.0,742.0,734.0,737.0,717.0,739.0,709.0,784.0,754.0,766.0,728.0,758.0,729.0,746.0,745.0,726.0,737.0,734.0,747.0,795.0,753.0,717.0,737.0,763.0,747.0,755.0,743.0,721.0,721.0,756.0,759.0,726.0,711.0,738.0,718.0,761.0,705.0,732.0,678.0,735.0,696.0,713.0,719.0,739.0,785.0,798.0,773.0,743.0,762.0,741.0,741.0,750.0,744.0,782.0,726.0,754.0,732.0,707.0,726.0,717.0,682.0,746.0,761.0,715.0,707.0,738.0,747.0,743.0,688.0,769.0,723.0,756.0,734.0,721.0,718.0,757.0,743.0,774.0
NFKB1,0.0,200.0,192.0,185.0,198.0,191.0,204.0,200.0,190.0,208.0,180.0,193.0,198.0,171.0,203.0,193.0,203.0,179.0,193.0,183.0,211.0,302.0,348.0,360.0,345.0,337.0,357.0,322.0,348.0,356.0,334.0,336.0,336.0,333.0,355.0,334.0,326.0,303.0,340.0,350.0,354.0,528.0,434.0,504.0,473.0,472.0,470.0,485.0,470.0,460.0,448.0,469.0,483.0,475.0,459.0,409.0,479.0,480.0,469.0,505.0,465.0,562.0,548.0,564.0,586.0,553.0,564.0,592.0,574.0,517.0,601.0,553.0,518.0,573.0,575.0,574.0,554.0,539.0,559.0,647.0,593.0,666.0,627.0,676.0,648.0,624.0,688.0,658.0,690.0,646.0,617.0,667.0,669.0,665.0,665.0,624.0,659.0,631.0,645.0,645.0,630.0,737.0,741.0,758.0,715.0,728.0,713.0,746.0,735.0,740.0,729.0,764.0,735.0,738.0,710.0,744.0,739.0,762.0,798.0,694.0,718.0,775.0,750.0,789.0,809.0,779.0,774.0,785.0,764.0,805.0,819.0,800.0,825.0,799.0,781.0,757.0,808.0,814.0,753.0,801.0,758.0,842.0,856.0,799.0,851.0,827.0,858.0,869.0,836.0,858.0,835.0,817.0,829.0,822.0,825.0,856.0,874.0,846.0,829.0,797.0,842.0,902.0,890.0,870.0,887.0,814.0,840.0,867.0,897.0,894.0,869.0,876.0,892.0,894.0,852.0,921.0,876.0,897.0,860.0,834.0,905.0,955.0,930.0,921.0,890.0,912.0,907.0,923.0,884.0,905.0,951.0,943.0,956.0,942.0,919.0,913.0,937.0,917.0,901.0,962.0,924.0,957.0,956.0,926.0,970.0,968.0,928.0,910.0,936.0,969.0,966.0,959.0,910.0,962.0,962.0,880.0,933.0,969.0,950.0,917.0,973.0,975.0,983.0,1011.0,984.0,994.0,974.0,1011.0,985.0,1001.0,935.0,968.0,1014.0,949.0,948.0,975.0,907.0,972.0,936.0,940.0,1010.0,1004.0,1033.0,1012.0,1038.0,1020.0,1032.0,978.0,1005.0,959.0,959.0,962.0,975.0,957.0,970.0,964.0,977.0,925.0,997.0,945.0,982.0,1001.0,1007.0,1001.0,1007.0,994.0,976.0,1039.0,1019.0,996.0,1016.0,1012.0,991.0,991.0,966.0,1017.0,1025.0,1039.0,979.0,1023.0,1035.0,1064.0,1040.0,1024.0,1036.0,989.0,1006.0,1006.0,1029.0,1048.0,1055.0,1010.0,1041.0,1040.0,1004.0,1076.0,1035.0,1034.0,1007.0,1050.0,1018.0,1062.0,1095.0,1026.0,1042.0,1091.0,1033.0,1005.0,1035.0,1027.0,1074.0,1054.0,1084.0,1069.0,1055.0,1041.0,1057.0,1056.0,1005.0,1026.0,1034.0,1102.0,1035.0,1053.0,1030.0,1058.0,1051.0,1072.0,1039.0,1052.0,1092.0,1063.0,1095.0,1062.0,1049.0,1052.0,1046.0,1063.0,1040.0,1070.0,1097.0,1082.0,1113.0,1077.0,1070.0,1056.0,1112.0,1107.0,1080.0,1081.0,1091.0,1053.0,1096.0,1093.0,1059.0,1036.0,1078.0,1066.0,1117.0,1015.0,1074.0,1041.0,1089.0,1059.0,1044.0,1063.0,1068.0,1125.0,1139.0,1164.0,1111.0,1097.0,1081.0,1106.0,1101.0,1103.0,1105.0,1069.0,1088.0,1078.0,1060.0,1083.0,1077.0,1032.0,1092.0,1157.0,1086.0,1071.0,1127.0,1127.0,1094.0,1079.0,1090.0,1089.0,1117.0,1087.0,1081.0,1076.0,1110.0,1084.0,1132.0
NFKBIE,0.0,2.0,1.0,2.0,2.0,3.0,4.0,5.0,1.0,8.0,3.0,2.0,3.0,3.0,4.0,1.0,4.0,5.0,2.0,4.0,6.0,9.0,13.0,14.0,12.0,10.0,7.0,4.0,8.0,11.0,12.0,8.0,16.0,8.0,11.0,12.0,15.0,5.0,9.0,10.0,9.0,25.0,19.0,26.0,24.0,18.0,25.0,14.0,28.0,21.0,23.0,26.0,19.0,18.0,9.0,19.0,19.0,16.0,16.0,18.0,20.0,31.0,20.0,27.0,43.0,26.0,34.0,28.0,32.0,30.0,26.0,23.0,21.0,31.0,24.0,23.0,36.0,25.0,36.0,35.0,28.0,42.0,46.0,56.0,33.0,30.0,38.0,39.0,51.0,42.0,39.0,35.0,41.0,54.0,48.0,38.0,40.0,39.0,45.0,38.0,38.0,67.0,58.0,58.0,56.0,67.0,48.0,60.0,48.0,50.0,47.0,59.0,51.0,53.0,61.0,56.0,46.0,47.0,56.0,63.0,55.0,71.0,55.0,67.0,66.0,53.0,73.0,61.0,72.0,68.0,51.0,53.0,66.0,59.0,77.0,56.0,76.0,70.0,57.0,73.0,57.0,70.0,73.0,74.0,82.0,83.0,77.0,74.0,83.0,76.0,90.0,83.0,81.0,63.0,74.0,74.0,78.0,91.0,68.0,70.0,84.0,90.0,87.0,88.0,94.0,78.0,81.0,74.0,90.0,94.0,89.0,89.0,106.0,93.0,84.0,100.0,100.0,102.0,70.0,84.0,102.0,100.0,90.0,89.0,91.0,85.0,107.0,105.0,103.0,106.0,98.0,128.0,106.0,115.0,107.0,96.0,97.0,108.0,97.0,110.0,113.0,109.0,101.0,110.0,100.0,116.0,97.0,106.0,119.0,111.0,104.0,110.0,98.0,101.0,121.0,88.0,114.0,104.0,102.0,112.0,104.0,115.0,113.0,125.0,110.0,111.0,104.0,115.0,112.0,136.0,120.0,111.0,122.0,127.0,108.0,103.0,110.0,98.0,117.0,92.0,117.0,137.0,125.0,115.0,127.0,137.0,116.0,121.0,140.0,114.0,97.0,110.0,128.0,114.0,126.0,124.0,112.0,100.0,133.0,127.0,125.0,114.0,131.0,139.0,139.0,138.0,124.0,132.0,149.0,119.0,130.0,133.0,147.0,142.0,135.0,151.0,121.0,144.0,131.0,130.0,123.0,147.0,154.0,151.0,132.0,148.0,137.0,113.0,135.0,171.0,156.0,141.0,157.0,146.0,145.0,141.0,143.0,178.0,130.0,148.0,139.0,160.0,164.0,146.0,159.0,171.0,171.0,157.0,163.0,137.0,149.0,173.0,144.0,151.0,146.0,144.0,152.0,148.0,135.0,143.0,145.0,158.0,149.0,166.0,179.0,165.0,165.0,166.0,155.0,131.0,158.0,166.0,170.0,145.0,180.0,164.0,168.0,150.0,147.0,159.0,176.0,199.0,172.0,180.0,170.0,175.0,166.0,177.0,181.0,177.0,188.0,172.0,181.0,185.0,161.0,169.0,172.0,164.0,183.0,179.0,168.0,167.0,173.0,162.0,174.0,165.0,170.0,187.0,171.0,178.0,178.0,192.0,195.0,173.0,189.0,165.0,189.0,177.0,186.0,177.0,181.0,178.0,175.0,164.0,197.0,199.0,180.0,188.0,171.0,182.0,186.0,166.0,209.0,186.0,191.0,169.0,172.0,162.0,185.0,180.0,188.0
PDK1,0.0,53.0,49.0,40.0,41.0,45.0,39.0,50.0,43.0,50.0,53.0,58.0,54.0,38.0,53.0,54.0,55.0,39.0,37.0,41.0,55.0,74.0,78.0,96.0,90.0,99.0,89.0,71.0,97.0,88.0,75.0,73.0,77.0,86.0,87.0,93.0,86.0,72.0,78.0,81.0,96.0,133.0,123.0,129.0,122.0,142.0,124.0,123.0,128.0,101.0,131.0,118.0,137.0,128.0,125.0,110.0,125.0,123.0,147.0,124.0,133.0,150.0,150.0,162.0,160.0,173.0,173.0,187.0,162.0,142.0,184.0,154.0,141.0,175.0,169.0,164.0,169.0,129.0,184.0,182.0,169.0,199.0,197.0,206.0,205.0,219.0,203.0,193.0,199.0,202.0,168.0,194.0,202.0,206.0,192.0,190.0,189.0,185.0,213.0,182.0,175.0,233.0,222.0,248.0,216.0,229.0,215.0,225.0,233.0,238.0,212.0,256.0,237.0,235.0,230.0,219.0,248.0,229.0,224.0,213.0,230.0,271.0,247.0,265.0,269.0,250.0,251.0,259.0,241.0,256.0,256.0,256.0,274.0,268.0,270.0,229.0,273.0,248.0,249.0,281.0,241.0,270.0,293.0,287.0,267.0,253.0,271.0,314.0,265.0,264.0,261.0,273.0,290.0,265.0,261.0,277.0,308.0,265.0,271.0,282.0,309.0,303.0,314.0,285.0,303.0,253.0,278.0,269.0,300.0,312.0,285.0,303.0,330.0,306.0,289.0,291.0,307.0,305.0,274.0,278.0,303.0,348.0,305.0,318.0,297.0,325.0,302.0,325.0,322.0,313.0,331.0,355.0,323.0,323.0,319.0,346.0,332.0,330.0,315.0,338.0,340.0,344.0,321.0,339.0,346.0,346.0,351.0,340.0,345.0,361.0,345.0,349.0,353.0,359.0,354.0,317.0,341.0,354.0,339.0,325.0,370.0,346.0,362.0,356.0,360.0,339.0,368.0,378.0,346.0,392.0,362.0,339.0,384.0,360.0,349.0,376.0,335.0,387.0,337.0,367.0,372.0,396.0,405.0,360.0,393.0,380.0,420.0,342.0,380.0,344.0,373.0,356.0,385.0,370.0,413.0,366.0,371.0,348.0,366.0,340.0,370.0,371.0,408.0,389.0,393.0,416.0,392.0,388.0,380.0,357.0,381.0,412.0,412.0,387.0,366.0,386.0,364.0,402.0,359.0,388.0,406.0,426.0,437.0,408.0,428.0,409.0,390.0,390.0,422.0,415.0,374.0,398.0,378.0,418.0,400.0,411.0,412.0,403.0,392.0,411.0,396.0,416.0,440.0,398.0,461.0,447.0,431.0,410.0,417.0,409.0,427.0,415.0,421.0,423.0,390.0,413.0,414.0,423.0,408.0,401.0,403.0,446.0,432.0,426.0,415.0,435.0,426.0,420.0,395.0,395.0,456.0,434.0,443.0,424.0,420.0,419.0,429.0,437.0,450.0,427.0,402.0,447.0,449.0,425.0,418.0,432.0,458.0,481.0,440.0,464.0,432.0,434.0,434.0,445.0,436.0,443.0,434.0,451.0,472.0,414.0,424.0,408.0,453.0,437.0,451.0,454.0,430.0,479.0,463.0,480.0,440.0,464.0,451.0,455.0,444.0,466.0,476.0,418.0,442.0,430.0,426.0,464.0,446.0,396.0,457.0,441.0,456.0,454.0,472.0,470.0,484.0,436.0,431.0,446.0,465.0,443.0,450.0,457.0,477.0,476.0,468.0
PIK3CA,0.0,66.0,71.0,53.0,52.0,57.0,56.0,71.0,57.0,63.0,66.0,69.0,71.0,57.0,62.0,64.0,62.0,57.0,54.0,55.0,72.0,98.0,108.0,126.0,110.0,128.0,120.0,92.0,124.0,116.0,102.0,102.0,110.0,121.0,107.0,117.0,113.0,97.0,104.0,106.0,119.0,168.0,157.0,168.0,172.0,180.0,153.0,162.0,168.0,156.0,162.0,158.0,181.0,162.0,161.0,144.0,170.0,160.0,183.0,183.0,170.0,193.0,188.0,213.0,207.0,210.0,222.0,224.0,222.0,194.0,228.0,196.0,195.0,214.0,198.0,206.0,212.0,179.0,226.0,225.0,217.0,261.0,252.0,268.0,258.0,266.0,263.0,260.0,257.0,256.0,227.0,260.0,248.0,258.0,251.0,239.0,237.0,242.0,262.0,232.0,237.0,283.0,288.0,318.0,270.0,295.0,278.0,288.0,286.0,301.0,281.0,327.0,299.0,316.0,290.0,291.0,309.0,301.0,291.0,274.0,289.0,333.0,311.0,337.0,360.0,334.0,330.0,332.0,296.0,325.0,347.0,327.0,330.0,335.0,348.0,290.0,335.0,319.0,301.0,348.0,301.0,340.0,371.0,358.0,338.0,327.0,340.0,401.0,322.0,342.0,337.0,336.0,355.0,325.0,324.0,357.0,378.0,343.0,342.0,360.0,368.0,370.0,378.0,352.0,365.0,323.0,357.0,333.0,376.0,384.0,368.0,387.0,407.0,377.0,349.0,379.0,373.0,367.0,344.0,337.0,376.0,430.0,375.0,403.0,393.0,411.0,383.0,407.0,398.0,377.0,426.0,437.0,388.0,407.0,390.0,416.0,400.0,400.0,385.0,426.0,415.0,425.0,397.0,430.0,423.0,431.0,429.0,394.0,416.0,449.0,431.0,420.0,430.0,439.0,429.0,385.0,437.0,430.0,422.0,426.0,437.0,428.0,458.0,446.0,443.0,429.0,438.0,455.0,441.0,486.0,428.0,411.0,465.0,438.0,427.0,461.0,427.0,456.0,411.0,433.0,462.0,490.0,488.0,434.0,471.0,461.0,507.0,437.0,460.0,416.0,446.0,445.0,473.0,434.0,481.0,453.0,444.0,420.0,449.0,407.0,464.0,457.0,494.0,472.0,470.0,501.0,460.0,477.0,464.0,443.0,474.0,482.0,456.0,465.0,452.0,479.0,461.0,473.0,465.0,487.0,497.0,513.0,518.0,500.0,512.0,496.0,474.0,469.0,520.0,521.0,473.0,476.0,470.0,513.0,470.0,503.0,468.0,493.0,469.0,500.0,488.0,499.0,526.0,474.0,543.0,539.0,502.0,500.0,505.0,497.0,526.0,508.0,492.0,525.0,482.0,492.0,510.0,514.0,480.0,493.0,494.0,530.0,523.0,508.0,506.0,522.0,497.0,501.0,497.0,470.0,542.0,533.0,537.0,513.0,509.0,498.0,514.0,545.0,527.0,519.0,517.0,527.0,553.0,531.0,487.0,521.0,543.0,552.0,529.0,564.0,505.0,508.0,498.0,540.0,530.0,488.0,521.0,525.0,561.0,492.0,511.0,481.0,522.0,511.0,530.0,535.0,524.0,588.0,559.0,576.0,538.0,548.0,542.0,530.0,553.0,545.0,561.0,513.0,544.0,521.0,515.0,560.0,532.0,498.0,567.0,530.0,528.0,530.0,560.0,563.0,550.0,511.0,523.0,530.0,553.0,524.0,532.0,520.0,575.0,555.0,562.0
PPARGC1A,0.0,189.0,181.0,182.0,193.0,181.0,197.0,197.0,179.0,192.0,169.0,187.0,185.0,164.0,194.0,186.0,196.0,166.0,186.0,178.0,197.0,276.0,320.0,338.0,319.0,311.0,325.0,294.0,313.0,320.0,302.0,301.0,314.0,314.0,323.0,307.0,303.0,285.0,306.0,328.0,319.0,483.0,409.0,447.0,418.0,425.0,427.0,435.0,413.0,416.0,414.0,425.0,451.0,422.0,407.0,368.0,425.0,413.0,422.0,457.0,414.0,494.0,478.0,495.0,523.0,481.0,502.0,522.0,489.0,456.0,529.0,494.0,462.0,503.0,520.0,499.0,497.0,465.0,495.0,545.0,513.0,577.0,548.0,578.0,545.0,549.0,606.0,554.0,601.0,566.0,523.0,582.0,573.0,585.0,580.0,540.0,570.0,542.0,552.0,563.0,545.0,627.0,616.0,628.0,596.0,607.0,598.0,629.0,620.0,657.0,628.0,644.0,639.0,638.0,614.0,626.0,645.0,648.0,670.0,595.0,595.0,663.0,626.0,662.0,677.0,652.0,648.0,643.0,621.0,678.0,667.0,657.0,681.0,656.0,659.0,617.0,696.0,664.0,606.0,689.0,623.0,692.0,707.0,658.0,690.0,675.0,687.0,733.0,676.0,701.0,664.0,679.0,667.0,650.0,659.0,691.0,694.0,668.0,678.0,643.0,705.0,717.0,734.0,677.0,722.0,633.0,680.0,679.0,696.0,745.0,700.0,706.0,723.0,705.0,656.0,718.0,717.0,721.0,694.0,660.0,717.0,748.0,710.0,723.0,716.0,719.0,706.0,744.0,706.0,718.0,762.0,758.0,737.0,727.0,718.0,711.0,746.0,739.0,715.0,767.0,730.0,741.0,751.0,735.0,749.0,751.0,740.0,706.0,742.0,752.0,753.0,745.0,716.0,754.0,764.0,698.0,720.0,757.0,736.0,736.0,753.0,757.0,747.0,790.0,765.0,757.0,751.0,792.0,772.0,789.0,723.0,756.0,789.0,722.0,741.0,760.0,691.0,733.0,706.0,711.0,765.0,785.0,776.0,780.0,806.0,797.0,789.0,725.0,740.0,705.0,724.0,717.0,748.0,717.0,763.0,733.0,719.0,691.0,759.0,714.0,762.0,739.0,772.0,735.0,778.0,762.0,737.0,791.0,771.0,743.0,748.0,766.0,729.0,765.0,719.0,780.0,777.0,786.0,748.0,748.0,788.0,798.0,789.0,766.0,759.0,734.0,764.0,733.0,763.0,760.0,760.0,735.0,787.0,765.0,764.0,793.0,766.0,764.0,730.0,801.0,742.0,774.0,816.0,745.0,786.0,792.0,757.0,765.0,751.0,771.0,787.0,789.0,773.0,786.0,770.0,768.0,783.0,796.0,718.0,766.0,769.0,787.0,775.0,780.0,785.0,781.0,751.0,755.0,772.0,750.0,824.0,799.0,806.0,775.0,781.0,762.0,777.0,777.0,765.0,776.0,779.0,782.0,818.0,785.0,759.0,775.0,807.0,794.0,790.0,785.0,768.0,755.0,801.0,797.0,758.0,757.0,770.0,769.0,803.0,745.0,763.0,707.0,760.0,724.0,774.0,761.0,754.0,821.0,827.0,832.0,784.0,791.0,773.0,769.0,772.0,782.0,831.0,757.0,800.0,770.0,753.0,761.0,750.0,719.0,788.0,800.0,756.0,752.0,781.0,786.0,774.0,720.0,798.0,774.0,796.0,769.0,771.0,757.0,792.0,795.0,804.0
PTEN,0.0,194.0,190.0,183.0,202.0,184.0,196.0,197.0,182.0,195.0,170.0,189.0,193.0,168.0,194.0,189.0,197.0,168.0,193.0,178.0,205.0,280.0,333.0,340.0,322.0,315.0,329.0,302.0,324.0,335.0,317.0,311.0,319.0,322.0,331.0,329.0,311.0,297.0,317.0,338.0,333.0,487.0,414.0,465.0,428.0,441.0,437.0,441.0,432.0,425.0,430.0,440.0,463.0,443.0,428.0,380.0,440.0,433.0,442.0,471.0,437.0,506.0,494.0,519.0,561.0,504.0,519.0,538.0,507.0,480.0,541.0,524.0,475.0,530.0,540.0,522.0,520.0,488.0,519.0,566.0,545.0,592.0,572.0,608.0,573.0,570.0,622.0,585.0,622.0,584.0,565.0,617.0,604.0,622.0,603.0,561.0,591.0,578.0,578.0,584.0,567.0,661.0,646.0,660.0,642.0,635.0,629.0,666.0,637.0,699.0,651.0,676.0,664.0,660.0,665.0,659.0,665.0,668.0,704.0,630.0,631.0,682.0,668.0,689.0,697.0,687.0,696.0,699.0,655.0,723.0,689.0,699.0,714.0,681.0,693.0,650.0,723.0,699.0,638.0,717.0,659.0,728.0,739.0,702.0,731.0,712.0,732.0,767.0,716.0,738.0,706.0,716.0,702.0,692.0,701.0,721.0,737.0,713.0,712.0,691.0,732.0,773.0,761.0,737.0,770.0,696.0,705.0,709.0,733.0,797.0,738.0,742.0,765.0,763.0,704.0,762.0,762.0,763.0,756.0,708.0,754.0,791.0,759.0,771.0,764.0,768.0,756.0,785.0,743.0,755.0,801.0,801.0,785.0,769.0,759.0,767.0,777.0,785.0,760.0,818.0,776.0,779.0,804.0,788.0,799.0,810.0,798.0,753.0,777.0,784.0,826.0,794.0,771.0,812.0,831.0,751.0,760.0,818.0,787.0,774.0,778.0,823.0,804.0,833.0,804.0,804.0,813.0,841.0,823.0,839.0,777.0,810.0,834.0,793.0,797.0,806.0,754.0,792.0,748.0,747.0,823.0,851.0,837.0,832.0,854.0,852.0,829.0,785.0,793.0,755.0,773.0,758.0,793.0,755.0,819.0,781.0,771.0,732.0,795.0,756.0,815.0,792.0,813.0,789.0,821.0,823.0,797.0,830.0,820.0,789.0,822.0,832.0,776.0,829.0,762.0,837.0,845.0,836.0,804.0,828.0,848.0,854.0,856.0,822.0,806.0,793.0,827.0,778.0,825.0,813.0,812.0,801.0,838.0,812.0,808.0,855.0,820.0,825.0,787.0,860.0,796.0,825.0,873.0,784.0,840.0,859.0,812.0,822.0,809.0,839.0,836.0,838.0,835.0,837.0,810.0,816.0,847.0,857.0,768.0,820.0,816.0,843.0,818.0,829.0,818.0,833.0,809.0,808.0,823.0,799.0,868.0,842.0,860.0,837.0,854.0,813.0,836.0,846.0,811.0,841.0,832.0,837.0,884.0,840.0,824.0,822.0,854.0,841.0,844.0,830.0,828.0,798.0,848.0,845.0,793.0,817.0,820.0,810.0,853.0,800.0,811.0,757.0,813.0,788.0,814.0,819.0,818.0,877.0,879.0,870.0,828.0,849.0,816.0,831.0,846.0,834.0,875.0,824.0,851.0,810.0,802.0,813.0,808.0,789.0,840.0,861.0,826.0,819.0,826.0,849.0,838.0,782.0,843.0,836.0,846.0,814.0,828.0,816.0,852.0,837.0,852.0
RB1,4989.0,4650.0,4628.0,4653.0,4671.0,4650.0,4682.0,4664.0,4619.0,4680.0,4639.0,4634.0,4664.0,4694.0,4664.0,4653.0,4660.0,4638.0,4651.0,4650.0,4668.0,4383.0,4368.0,4379.0,4373.0,4343.0,4327.0,4352.0,4349.0,4355.0,4390.0,4395.0,4370.0,4385.0,4367.0,4362.0,4344.0,4354.0,4343.0,4352.0,4373.0,4119.0,4129.0,4126.0,4125.0,4126.0,4125.0,4111.0,4089.0,4084.0,4125.0,4119.0,4075.0,4133.0,4140.0,4123.0,4093.0,4103.0,4083.0,4153.0,4083.0,3911.0,3884.0,3865.0,3887.0,3880.0,3878.0,3929.0,3888.0,3875.0,3883.0,3881.0,3957.0,3931.0,3924.0,3894.0,3933.0,3888.0,3879.0,3913.0,3886.0,3718.0,3763.0,3680.0,3749.0,3732.0,3676.0,3742.0,3800.0,3707.0,3744.0,3784.0,3716.0,3745.0,3757.0,3704.0,3712.0,3679.0,3715.0,3695.0,3681.0,3571.0,3549.0,3527.0,3578.0,3562.0,3558.0,3599.0,3586.0,3608.0,3529.0,3517.0,3568.0,3536.0,3593.0,3523.0,3566.0,3563.0,3587.0,3575.0,3536.0,3433.0,3368.0,3434.0,3476.0,3440.0,3411.0,3379.0,3328.0,3412.0,3362.0,3419.0,3424.0,3405.0,3434.0,3375.0,3384.0,3411.0,3387.0,3459.0,3387.0,3327.0,3346.0,3310.0,3304.0,3327.0,3265.0,3339.0,3290.0,3226.0,3246.0,3270.0,3276.0,3267.0,3245.0,3342.0,3270.0,3290.0,3252.0,3234.0,3308.0,3232.0,3268.0,3134.0,3177.0,3114.0,3175.0,3194.0,3131.0,3205.0,3115.0,3203.0,3229.0,3162.0,3161.0,3184.0,3196.0,3235.0,3109.0,3150.0,3215.0,3004.0,3032.0,3053.0,3104.0,3019.0,3043.0,3117.0,3028.0,3084.0,3105.0,3102.0,3010.0,3062.0,3084.0,3041.0,3103.0,3045.0,3021.0,3058.0,3128.0,2986.0,2941.0,2994.0,2970.0,2936.0,3016.0,2977.0,2967.0,2978.0,2982.0,3014.0,2998.0,2983.0,2994.0,2945.0,2899.0,3003.0,2974.0,2994.0,2948.0,2930.0,2830.0,2909.0,2839.0,2871.0,2910.0,2921.0,2909.0,2895.0,2845.0,2878.0,2910.0,2870.0,2899.0,2905.0,2886.0,2820.0,2920.0,2853.0,2868.0,2800.0,2881.0,2852.0,2920.0,2787.0,2850.0,2814.0,2769.0,2793.0,2821.0,2869.0,2834.0,2723.0,2856.0,2768.0,2861.0,2844.0,2748.0,2850.0,2821.0,2744.0,2752.0,2690.0,2769.0,2748.0,2760.0,2733.0,2753.0,2739.0,2753.0,2726.0,2696.0,2792.0,2771.0,2756.0,2731.0,2752.0,2757.0,2715.0,2753.0,2741.0,2706.0,2741.0,2636.0,2660.0,2711.0,2700.0,2699.0,2680.0,2688.0,2663.0,2698.0,2677.0,2730.0,2678.0,2700.0,2695.0,2705.0,2754.0,2673.0,2648.0,2652.0,2620.0,2620.0,2603.0,2613.0,2620.0,2647.0,2646.0,2698.0,2696.0,2604.0,2619.0,2620.0,2599.0,2649.0,2664.0,2610.0,2640.0,2636.0,2549.0,2566.0,2601.0,2581.0,2601.0,2580.0,2575.0,2608.0,2558.0,2598.0,2643.0,2575.0,2591.0,2571.0,2541.0,2595.0,2581.0,2566.0,2634.0,2572.0,2500.0,2523.0,2504.0,2573.0,2543.0,2552.0,2504.0,2496.0,2532.0,2503.0,2549.0,2498.0,2538.0,2532.0,2502.0,2491.0,2554.0,2536.0,2546.0,2464.0,2419.0,2462.0,2485.0,2411.0,2456.0,2442.0,2515.0,2500.0,2517.0,2448.0,2498.0,2495.0,2419.0,2490.0,2472.0,2491.0,2427.0,2489.0,2474.0,2482.0,2411.0,2450.0,2396.0,2409.0,2419.0,2427.0,2415.0,2430.0,2387.0,2461.0,2389.0,2425.0,2433.0,2489.0,2416.0,2471.0,2403.0,2470.0,2421.0,2404.0
RHEB,0.0,172.0,152.0,157.0,162.0,157.0,165.0,159.0,153.0,161.0,150.0,161.0,159.0,142.0,173.0,161.0,173.0,143.0,157.0,153.0,173.0,246.0,282.0,283.0,269.0,261.0,280.0,262.0,269.0,280.0,268.0,273.0,258.0,277.0,287.0,271.0,264.0,256.0,265.0,293.0,275.0,418.0,353.0,381.0,362.0,371.0,358.0,381.0,352.0,358.0,358.0,370.0,392.0,376.0,360.0,324.0,377.0,366.0,363.0,394.0,371.0,443.0,419.0,440.0,467.0,427.0,436.0,452.0,432.0,396.0,452.0,442.0,407.0,449.0,465.0,434.0,441.0,387.0,429.0,482.0,441.0,504.0,492.0,494.0,485.0,474.0,505.0,480.0,522.0,484.0,454.0,500.0,498.0,531.0,499.0,461.0,504.0,473.0,489.0,482.0,475.0,552.0,526.0,529.0,521.0,533.0,516.0,551.0,543.0,580.0,548.0,560.0,561.0,553.0,537.0,560.0,561.0,558.0,587.0,526.0,509.0,553.0,548.0,590.0,594.0,576.0,584.0,567.0,536.0,600.0,575.0,559.0,598.0,572.0,590.0,542.0,591.0,587.0,541.0,601.0,544.0,605.0,612.0,583.0,609.0,576.0,588.0,628.0,587.0,611.0,564.0,580.0,581.0,565.0,569.0,590.0,612.0,595.0,595.0,562.0,596.0,630.0,632.0,588.0,631.0,569.0,593.0,603.0,618.0,652.0,618.0,618.0,624.0,622.0,572.0,621.0,629.0,641.0,605.0,589.0,594.0,647.0,620.0,633.0,617.0,630.0,619.0,662.0,599.0,631.0,655.0,666.0,649.0,636.0,626.0,640.0,664.0,640.0,635.0,674.0,626.0,643.0,644.0,645.0,648.0,651.0,654.0,617.0,633.0,656.0,674.0,632.0,629.0,667.0,663.0,599.0,624.0,650.0,640.0,659.0,637.0,663.0,662.0,704.0,673.0,661.0,667.0,694.0,664.0,689.0,628.0,653.0,689.0,637.0,650.0,659.0,594.0,651.0,621.0,620.0,660.0,691.0,673.0,683.0,696.0,691.0,690.0,613.0,656.0,615.0,650.0,620.0,652.0,623.0,664.0,628.0,629.0,602.0,668.0,614.0,658.0,642.0,687.0,635.0,685.0,677.0,637.0,690.0,669.0,645.0,667.0,674.0,620.0,664.0,618.0,685.0,657.0,669.0,649.0,661.0,699.0,703.0,695.0,673.0,661.0,629.0,650.0,623.0,678.0,655.0,672.0,631.0,680.0,684.0,676.0,689.0,668.0,656.0,638.0,688.0,647.0,673.0,698.0,656.0,693.0,704.0,667.0,690.0,659.0,668.0,681.0,692.0,693.0,704.0,663.0,661.0,686.0,691.0,604.0,676.0,680.0,700.0,673.0,679.0,689.0,682.0,664.0,653.0,671.0,652.0,719.0,693.0,714.0,677.0,679.0,676.0,678.0,678.0,660.0,685.0,688.0,699.0,712.0,693.0,674.0,670.0,711.0,699.0,681.0,690.0,675.0,657.0,694.0,696.0,657.0,638.0,653.0,679.0,702.0,666.0,659.0,622.0,672.0,645.0,666.0,654.0,677.0,714.0,720.0,709.0,671.0,685.0,668.0,670.0,683.0,687.0,716.0,680.0,687.0,662.0,649.0,669.0,672.0,637.0,680.0,718.0,674.0,647.0,677.0,685.0,681.0,640.0,691.0,667.0,692.0,664.0,666.0,662.0,700.0,703.0,707.0
ROS,1353.0,1311.0,1306.0,1327.0,1323.0,1311.0,1337.0,1312.0,1309.0,1326.0,1334.0,1306.0,1291.0,1312.0,1336.0,1298.0,1315.0,1325.0,1321.0,1312.0,1334.0,1270.0,1279.0,1287.0,1301.0,1268.0,1294.0,1249.0,1266.0,1303.0,1284.0,1278.0,1295.0,1272.0,1288.0,1289.0,1221.0,1264.0,1252.0,1276.0,1287.0,1287.0,1214.0,1281.0,1235.0,1240.0,1262.0,1244.0,1233.0,1286.0,1241.0,1248.0,1277.0,1246.0,1265.0,1226.0,1250.0,1233.0,1221.0,1285.0,1235.0,1256.0,1193.0,1213.0,1263.0,1195.0,1201.0,1226.0,1189.0,1175.0,1240.0,1202.0,1225.0,1205.0,1222.0,1206.0,1229.0,1182.0,1232.0,1262.0,1229.0,1194.0,1192.0,1189.0,1159.0,1141.0,1215.0,1189.0,1249.0,1198.0,1161.0,1223.0,1227.0,1229.0,1244.0,1191.0,1205.0,1159.0,1186.0,1169.0,1200.0,1185.0,1159.0,1146.0,1138.0,1190.0,1142.0,1176.0,1135.0,1217.0,1121.0,1174.0,1190.0,1190.0,1176.0,1141.0,1191.0,1196.0,1219.0,1166.0,1142.0,1152.0,1116.0,1142.0,1145.0,1149.0,1126.0,1133.0,1107.0,1154.0,1145.0,1138.0,1154.0,1141.0,1130.0,1117.0,1166.0,1163.0,1096.0,1167.0,1111.0,1120.0,1124.0,1122.0,1132.0,1114.0,1123.0,1146.0,1126.0,1119.0,1079.0,1135.0,1131.0,1104.0,1080.0,1148.0,1141.0,1080.0,1111.0,1058.0,1137.0,1118.0,1141.0,1093.0,1118.0,1030.0,1058.0,1093.0,1079.0,1120.0,1064.0,1079.0,1125.0,1064.0,1055.0,1099.0,1095.0,1122.0,1050.0,1024.0,1100.0,1064.0,1054.0,1069.0,1047.0,1060.0,1069.0,1102.0,1027.0,1085.0,1096.0,1114.0,1068.0,1061.0,1079.0,1075.0,1081.0,1083.0,1027.0,1091.0,1083.0,1035.0,1057.0,1045.0,1085.0,1083.0,1047.0,995.0,1018.0,1061.0,1087.0,1096.0,1009.0,1067.0,1084.0,1002.0,1019.0,1115.0,1062.0,1064.0,1047.0,1025.0,1001.0,1054.0,1048.0,1037.0,1063.0,1064.0,1035.0,1062.0,989.0,1056.0,1067.0,1029.0,1017.0,1059.0,981.0,1000.0,996.0,1036.0,1033.0,1039.0,1026.0,1053.0,1050.0,1043.0,1065.0,956.0,1015.0,987.0,1011.0,961.0,1011.0,964.0,1025.0,983.0,979.0,947.0,1028.0,990.0,1005.0,986.0,971.0,977.0,1005.0,1011.0,957.0,1010.0,1013.0,966.0,1020.0,1013.0,942.0,1021.0,977.0,1035.0,1018.0,1020.0,1014.0,1000.0,1024.0,1027.0,1007.0,977.0,977.0,936.0,982.0,941.0,990.0,1005.0,977.0,944.0,998.0,980.0,1004.0,1015.0,988.0,997.0,942.0,1036.0,954.0,968.0,1015.0,952.0,983.0,988.0,947.0,981.0,924.0,977.0,999.0,983.0,982.0,963.0,942.0,967.0,993.0,999.0,920.0,985.0,985.0,963.0,969.0,1004.0,961.0,963.0,959.0,943.0,984.0,904.0,1023.0,991.0,963.0,953.0,962.0,945.0,974.0,972.0,936.0,984.0,937.0,962.0,1015.0,965.0,926.0,952.0,958.0,954.0,954.0,940.0,936.0,923.0,952.0,950.0,909.0,928.0,945.0,922.0,976.0,906.0,918.0,879.0,920.0,918.0,932.0,930.0,907.0,983.0,1004.0,988.0,953.0,958.0,946.0,925.0,929.0,938.0,989.0,921.0,960.0,922.0,912.0,934.0,893.0,882.0,923.0,936.0,909.0,899.0,910.0,957.0,936.0,884.0,930.0,920.0,938.0,934.0,940.0,899.0,942.0,954.0,943.0
SGK1,2.0,190.0,181.0,183.0,191.0,178.0,187.0,196.0,179.0,189.0,170.0,184.0,180.0,168.0,196.0,188.0,199.0,167.0,191.0,173.0,200.0,276.0,328.0,332.0,316.0,306.0,317.0,290.0,312.0,324.0,305.0,302.0,307.0,317.0,326.0,306.0,297.0,283.0,313.0,330.0,319.0,472.0,401.0,447.0,412.0,422.0,423.0,432.0,407.0,411.0,406.0,419.0,447.0,426.0,408.0,369.0,424.0,411.0,422.0,455.0,411.0,491.0,476.0,493.0,516.0,474.0,490.0,513.0,488.0,450.0,524.0,492.0,454.0,507.0,518.0,490.0,495.0,458.0,492.0,539.0,514.0,579.0,534.0,577.0,544.0,551.0,591.0,552.0,594.0,562.0,520.0,575.0,569.0,591.0,571.0,541.0,561.0,545.0,546.0,559.0,542.0,617.0,621.0,616.0,594.0,594.0,597.0,621.0,617.0,654.0,618.0,643.0,640.0,628.0,622.0,613.0,635.0,636.0,668.0,605.0,590.0,647.0,629.0,658.0,669.0,653.0,656.0,646.0,625.0,684.0,648.0,656.0,671.0,647.0,648.0,614.0,674.0,669.0,604.0,681.0,611.0,694.0,695.0,663.0,701.0,672.0,684.0,719.0,677.0,692.0,659.0,679.0,661.0,643.0,655.0,687.0,695.0,664.0,676.0,637.0,695.0,720.0,721.0,675.0,717.0,646.0,686.0,668.0,695.0,737.0,698.0,695.0,712.0,714.0,655.0,715.0,707.0,728.0,689.0,657.0,697.0,738.0,706.0,715.0,702.0,721.0,710.0,732.0,689.0,724.0,745.0,760.0,731.0,720.0,699.0,712.0,734.0,720.0,703.0,761.0,729.0,738.0,744.0,740.0,756.0,757.0,740.0,710.0,732.0,742.0,749.0,731.0,718.0,742.0,768.0,690.0,716.0,750.0,741.0,733.0,726.0,767.0,746.0,782.0,762.0,748.0,756.0,785.0,761.0,766.0,718.0,735.0,782.0,733.0,741.0,757.0,695.0,723.0,702.0,702.0,763.0,788.0,774.0,777.0,808.0,790.0,776.0,736.0,743.0,700.0,724.0,697.0,741.0,717.0,750.0,733.0,715.0,695.0,751.0,705.0,753.0,739.0,768.0,736.0,774.0,750.0,741.0,766.0,761.0,731.0,752.0,754.0,725.0,765.0,718.0,784.0,775.0,779.0,743.0,754.0,787.0,794.0,788.0,767.0,745.0,728.0,759.0,738.0,760.0,741.0,759.0,739.0,789.0,751.0,763.0,783.0,758.0,772.0,717.0,798.0,737.0,766.0,812.0,741.0,772.0,786.0,739.0,755.0,736.0,769.0,786.0,790.0,772.0,783.0,757.0,774.0,774.0,790.0,717.0,751.0,764.0,785.0,773.0,779.0,778.0,775.0,751.0,760.0,775.0,758.0,825.0,788.0,796.0,766.0,785.0,768.0,774.0,776.0,755.0,774.0,775.0,777.0,812.0,787.0,761.0,778.0,800.0,795.0,785.0,778.0,767.0,760.0,782.0,772.0,745.0,741.0,768.0,760.0,792.0,740.0,759.0,699.0,767.0,733.0,759.0,753.0,758.0,822.0,819.0,821.0,784.0,784.0,768.0,758.0,781.0,789.0,823.0,764.0,793.0,753.0,743.0,770.0,757.0,721.0,785.0,813.0,759.0,759.0,770.0,775.0,759.0,718.0,784.0,766.0,767.0,770.0,757.0,760.0,795.0,784.0,808.0
SIRT1,14.0,153.0,152.0,144.0,159.0,130.0,156.0,166.0,128.0,149.0,132.0,142.0,147.0,133.0,144.0,147.0,141.0,132.0,145.0,138.0,152.0,201.0,230.0,245.0,230.0,232.0,250.0,229.0,220.0,243.0,219.0,233.0,230.0,231.0,246.0,230.0,212.0,201.0,220.0,252.0,239.0,356.0,300.0,311.0,325.0,312.0,305.0,319.0,302.0,311.0,312.0,308.0,341.0,321.0,297.0,265.0,322.0,305.0,314.0,331.0,302.0,361.0,353.0,375.0,380.0,341.0,366.0,361.0,363.0,316.0,389.0,374.0,341.0,384.0,410.0,362.0,342.0,345.0,366.0,401.0,388.0,416.0,406.0,427.0,405.0,380.0,425.0,407.0,430.0,414.0,381.0,422.0,416.0,424.0,436.0,411.0,390.0,401.0,406.0,417.0,402.0,460.0,446.0,470.0,451.0,455.0,443.0,455.0,451.0,476.0,454.0,459.0,452.0,445.0,453.0,455.0,476.0,465.0,499.0,457.0,428.0,468.0,457.0,477.0,494.0,476.0,474.0,488.0,473.0,511.0,493.0,485.0,506.0,483.0,470.0,467.0,506.0,487.0,444.0,527.0,481.0,497.0,519.0,486.0,518.0,485.0,497.0,540.0,514.0,524.0,507.0,507.0,500.0,471.0,492.0,501.0,520.0,502.0,491.0,473.0,511.0,537.0,533.0,510.0,540.0,478.0,502.0,498.0,517.0,554.0,533.0,547.0,539.0,505.0,498.0,522.0,511.0,537.0,502.0,469.0,534.0,549.0,514.0,540.0,531.0,540.0,538.0,557.0,497.0,516.0,579.0,581.0,554.0,527.0,523.0,540.0,551.0,557.0,528.0,575.0,556.0,548.0,554.0,542.0,546.0,570.0,529.0,534.0,551.0,559.0,567.0,551.0,531.0,555.0,554.0,532.0,535.0,566.0,550.0,553.0,544.0,573.0,564.0,572.0,571.0,562.0,573.0,605.0,548.0,581.0,508.0,539.0,583.0,553.0,557.0,545.0,511.0,533.0,524.0,523.0,566.0,582.0,577.0,580.0,589.0,582.0,564.0,526.0,555.0,525.0,532.0,526.0,547.0,535.0,581.0,537.0,527.0,535.0,588.0,510.0,547.0,550.0,577.0,546.0,570.0,560.0,544.0,545.0,579.0,552.0,565.0,580.0,538.0,569.0,549.0,591.0,596.0,591.0,556.0,554.0,565.0,599.0,563.0,584.0,582.0,531.0,569.0,528.0,561.0,573.0,574.0,534.0,589.0,575.0,571.0,556.0,568.0,578.0,550.0,620.0,558.0,574.0,587.0,563.0,588.0,580.0,576.0,578.0,533.0,563.0,611.0,568.0,560.0,563.0,590.0,577.0,584.0,586.0,536.0,587.0,562.0,580.0,581.0,589.0,596.0,577.0,584.0,548.0,575.0,558.0,597.0,604.0,586.0,575.0,605.0,578.0,587.0,578.0,558.0,573.0,592.0,606.0,644.0,581.0,560.0,580.0,598.0,598.0,603.0,589.0,577.0,568.0,606.0,614.0,575.0,577.0,575.0,567.0,609.0,557.0,578.0,522.0,578.0,568.0,574.0,567.0,587.0,608.0,607.0,622.0,602.0,616.0,579.0,562.0,578.0,591.0,623.0,570.0,607.0,592.0,564.0,577.0,566.0,539.0,593.0,606.0,553.0,564.0,581.0,572.0,601.0,549.0,588.0,570.0,593.0,582.0,589.0,565.0,609.0,586.0,618.0
SOD2,0.0,187.0,176.0,179.0,181.0,173.0,186.0,188.0,170.0,189.0,160.0,176.0,179.0,156.0,183.0,183.0,191.0,157.0,183.0,173.0,194.0,263.0,310.0,332.0,313.0,293.0,310.0,285.0,309.0,312.0,284.0,295.0,305.0,298.0,320.0,304.0,288.0,270.0,301.0,322.0,321.0,464.0,389.0,433.0,416.0,405.0,408.0,419.0,402.0,408.0,405.0,412.0,433.0,418.0,404.0,363.0,410.0,404.0,404.0,438.0,407.0,484.0,466.0,494.0,506.0,469.0,487.0,506.0,470.0,450.0,510.0,482.0,444.0,494.0,507.0,488.0,488.0,439.0,476.0,535.0,505.0,560.0,534.0,568.0,532.0,531.0,584.0,543.0,592.0,541.0,518.0,579.0,562.0,584.0,571.0,528.0,564.0,543.0,538.0,555.0,527.0,611.0,606.0,610.0,579.0,582.0,588.0,615.0,602.0,633.0,620.0,629.0,628.0,624.0,606.0,609.0,636.0,626.0,649.0,594.0,584.0,629.0,620.0,642.0,658.0,644.0,631.0,631.0,605.0,672.0,647.0,654.0,669.0,647.0,638.0,607.0,669.0,661.0,594.0,675.0,604.0,679.0,688.0,647.0,683.0,656.0,668.0,717.0,662.0,692.0,653.0,664.0,651.0,635.0,654.0,682.0,689.0,658.0,663.0,640.0,687.0,708.0,710.0,679.0,719.0,624.0,658.0,667.0,691.0,729.0,673.0,696.0,707.0,702.0,640.0,704.0,699.0,721.0,696.0,644.0,704.0,727.0,693.0,715.0,694.0,705.0,695.0,733.0,686.0,713.0,734.0,751.0,724.0,705.0,699.0,695.0,725.0,715.0,700.0,748.0,726.0,701.0,740.0,719.0,729.0,745.0,736.0,702.0,713.0,741.0,749.0,719.0,702.0,733.0,745.0,679.0,695.0,745.0,738.0,728.0,720.0,753.0,742.0,770.0,744.0,744.0,743.0,782.0,752.0,761.0,716.0,736.0,773.0,720.0,744.0,746.0,684.0,730.0,689.0,708.0,760.0,777.0,772.0,771.0,794.0,778.0,775.0,721.0,737.0,695.0,711.0,699.0,722.0,697.0,748.0,721.0,716.0,685.0,747.0,689.0,740.0,738.0,770.0,720.0,759.0,753.0,726.0,774.0,765.0,731.0,746.0,753.0,722.0,745.0,709.0,778.0,770.0,765.0,743.0,744.0,786.0,785.0,790.0,762.0,736.0,718.0,758.0,723.0,763.0,742.0,749.0,736.0,768.0,755.0,741.0,786.0,734.0,753.0,718.0,789.0,726.0,762.0,805.0,722.0,773.0,786.0,742.0,754.0,742.0,763.0,772.0,786.0,775.0,784.0,768.0,751.0,783.0,789.0,698.0,742.0,758.0,773.0,757.0,772.0,767.0,778.0,749.0,742.0,767.0,743.0,824.0,788.0,791.0,758.0,782.0,755.0,770.0,771.0,751.0,770.0,778.0,770.0,811.0,778.0,742.0,768.0,784.0,769.0,770.0,761.0,754.0,742.0,785.0,787.0,749.0,745.0,750.0,754.0,793.0,736.0,744.0,687.0,759.0,721.0,754.0,741.0,756.0,811.0,807.0,813.0,780.0,785.0,758.0,759.0,766.0,772.0,818.0,753.0,789.0,771.0,741.0,758.0,738.0,715.0,794.0,795.0,756.0,741.0,762.0,780.0,764.0,707.0,789.0,760.0,782.0,759.0,763.0,743.0,787.0,789.0,791.0
TP53,297.0,443.0,444.0,438.0,461.0,434.0,454.0,447.0,420.0,437.0,428.0,445.0,444.0,431.0,461.0,446.0,443.0,419.0,448.0,426.0,450.0,525.0,558.0,564.0,547.0,544.0,552.0,516.0,539.0,543.0,541.0,534.0,519.0,525.0,539.0,532.0,518.0,515.0,541.0,561.0,548.0,679.0,600.0,627.0,627.0,629.0,623.0,627.0,596.0,620.0,610.0,632.0,627.0,631.0,619.0,568.0,628.0,616.0,625.0,654.0,618.0,678.0,655.0,671.0,704.0,639.0,661.0,698.0,668.0,655.0,695.0,673.0,650.0,683.0,689.0,675.0,691.0,643.0,687.0,727.0,719.0,728.0,718.0,763.0,717.0,713.0,757.0,706.0,759.0,736.0,697.0,740.0,739.0,764.0,736.0,706.0,729.0,715.0,701.0,732.0,719.0,786.0,786.0,758.0,771.0,767.0,746.0,773.0,757.0,817.0,766.0,801.0,790.0,785.0,778.0,773.0,786.0,783.0,815.0,757.0,735.0,807.0,757.0,798.0,814.0,798.0,799.0,771.0,760.0,831.0,786.0,823.0,823.0,796.0,798.0,753.0,826.0,802.0,759.0,813.0,773.0,817.0,834.0,771.0,814.0,816.0,841.0,865.0,797.0,830.0,786.0,796.0,778.0,762.0,802.0,823.0,836.0,802.0,815.0,761.0,815.0,851.0,846.0,821.0,842.0,785.0,805.0,809.0,858.0,863.0,819.0,826.0,843.0,827.0,769.0,849.0,852.0,864.0,829.0,785.0,848.0,850.0,832.0,837.0,830.0,822.0,806.0,867.0,817.0,856.0,865.0,861.0,864.0,833.0,846.0,839.0,869.0,850.0,842.0,879.0,830.0,847.0,857.0,858.0,866.0,880.0,866.0,831.0,838.0,871.0,852.0,854.0,843.0,869.0,869.0,823.0,836.0,869.0,855.0,852.0,842.0,882.0,839.0,887.0,863.0,850.0,871.0,881.0,886.0,884.0,818.0,863.0,902.0,828.0,844.0,881.0,827.0,834.0,816.0,799.0,845.0,916.0,878.0,896.0,906.0,886.0,910.0,844.0,826.0,816.0,861.0,798.0,834.0,810.0,858.0,824.0,829.0,825.0,855.0,814.0,865.0,848.0,857.0,848.0,868.0,852.0,836.0,847.0,865.0,839.0,854.0,881.0,832.0,888.0,822.0,886.0,894.0,899.0,848.0,875.0,890.0,871.0,884.0,874.0,838.0,843.0,874.0,818.0,855.0,858.0,839.0,829.0,877.0,858.0,845.0,887.0,872.0,852.0,842.0,904.0,835.0,860.0,914.0,842.0,854.0,870.0,835.0,858.0,866.0,880.0,881.0,850.0,865.0,873.0,843.0,868.0,882.0,886.0,819.0,852.0,869.0,871.0,878.0,871.0,869.0,877.0,854.0,842.0,873.0,828.0,899.0,889.0,895.0,859.0,892.0,832.0,849.0,850.0,860.0,880.0,849.0,884.0,906.0,850.0,833.0,858.0,878.0,878.0,874.0,874.0,859.0,825.0,853.0,870.0,867.0,843.0,857.0,854.0,896.0,819.0,857.0,796.0,869.0,830.0,839.0,854.0,850.0,902.0,914.0,911.0,870.0,905.0,846.0,869.0,884.0,878.0,899.0,852.0,872.0,864.0,827.0,855.0,846.0,829.0,883.0,872.0,864.0,839.0,855.0,863.0,863.0,799.0,893.0,858.0,869.0,842.0,861.0,840.0,900.0,866.0,883.0
TSC2,0.0,195.0,186.0,180.0,195.0,181.0,195.0,197.0,178.0,193.0,171.0,188.0,186.0,166.0,192.0,183.0,198.0,164.0,185.0,176.0,203.0,278.0,325.0,337.0,322.0,304.0,326.0,295.0,319.0,329.0,306.0,306.0,312.0,316.0,327.0,315.0,302.0,289.0,315.0,330.0,325.0,485.0,407.0,457.0,425.0,436.0,430.0,440.0,416.0,422.0,417.0,435.0,450.0,434.0,414.0,370.0,429.0,421.0,424.0,462.0,431.0,504.0,484.0,513.0,547.0,482.0,501.0,522.0,495.0,460.0,535.0,506.0,467.0,509.0,534.0,502.0,507.0,468.0,505.0,556.0,517.0,583.0,562.0,582.0,559.0,550.0,602.0,562.0,609.0,576.0,537.0,591.0,575.0,603.0,591.0,549.0,574.0,563.0,562.0,568.0,553.0,643.0,627.0,636.0,612.0,621.0,615.0,637.0,631.0,667.0,629.0,665.0,650.0,647.0,638.0,624.0,654.0,657.0,680.0,609.0,606.0,668.0,649.0,682.0,682.0,666.0,664.0,669.0,638.0,702.0,677.0,681.0,695.0,670.0,679.0,640.0,708.0,682.0,629.0,707.0,632.0,708.0,717.0,672.0,728.0,689.0,707.0,737.0,702.0,708.0,681.0,694.0,682.0,671.0,680.0,707.0,714.0,691.0,691.0,678.0,715.0,743.0,744.0,708.0,733.0,665.0,704.0,702.0,729.0,773.0,715.0,722.0,737.0,731.0,679.0,746.0,740.0,748.0,722.0,671.0,741.0,767.0,741.0,738.0,745.0,744.0,730.0,766.0,722.0,733.0,775.0,774.0,763.0,742.0,724.0,745.0,773.0,754.0,735.0,792.0,745.0,746.0,771.0,765.0,776.0,790.0,764.0,744.0,764.0,767.0,781.0,768.0,732.0,775.0,791.0,724.0,737.0,782.0,768.0,766.0,762.0,787.0,782.0,807.0,782.0,783.0,780.0,816.0,794.0,804.0,751.0,780.0,815.0,753.0,768.0,783.0,723.0,765.0,735.0,748.0,796.0,817.0,797.0,802.0,826.0,814.0,810.0,761.0,770.0,730.0,763.0,736.0,764.0,738.0,788.0,749.0,740.0,728.0,780.0,742.0,767.0,767.0,798.0,761.0,807.0,781.0,765.0,801.0,796.0,769.0,778.0,789.0,764.0,790.0,748.0,814.0,796.0,810.0,779.0,786.0,808.0,811.0,811.0,806.0,776.0,759.0,791.0,750.0,791.0,786.0,796.0,761.0,816.0,779.0,786.0,816.0,792.0,793.0,763.0,835.0,759.0,798.0,833.0,772.0,826.0,828.0,799.0,787.0,777.0,788.0,817.0,815.0,805.0,809.0,797.0,784.0,816.0,819.0,752.0,805.0,808.0,813.0,809.0,802.0,806.0,809.0,792.0,785.0,806.0,787.0,860.0,829.0,826.0,796.0,819.0,795.0,801.0,811.0,783.0,811.0,810.0,798.0,844.0,806.0,786.0,801.0,827.0,821.0,818.0,807.0,804.0,771.0,823.0,834.0,781.0,774.0,790.0,793.0,832.0,763.0,803.0,732.0,784.0,764.0,797.0,778.0,792.0,855.0,864.0,851.0,817.0,836.0,804.0,793.0,821.0,805.0,855.0,794.0,829.0,788.0,769.0,793.0,777.0,743.0,819.0,843.0,779.0,797.0,801.0,822.0,803.0,764.0,835.0,786.0,838.0,807.0,796.0,798.0,831.0,831.0,844.0
